zone,station,year,doy_start,duration,mean_intensity,peak_intensity
Sudan Savannah,Navrongo,1964,74,3,1.6174712962963342,2.371741666666722
Sudan Savannah,Navrongo,1970,92,7,0.3878690476190754,0.7941111111111491
Sudan Savannah,Navrongo,1971,72,3,0.8374814814815409,1.571638888888946
Sudan Savannah,Navrongo,1971,76,3,0.5190648148148697,1.288777777777855
Sudan Savannah,Navrongo,1972,92,3,0.3071851851852084,0.89911111111115
Sudan Savannah,Navrongo,1973,78,7,2.59195634920641,4.243600000000083
Sudan Savannah,Navrongo,1973,102,4,0.26250000000001705,0.38333333333334707
Sudan Savannah,Navrongo,1977,103,7,1.068837301587352,1.9899444444445271
Sudan Savannah,Navrongo,1977,116,4,1.1334444444444858,1.7708055555556077
Sudan Savannah,Navrongo,1979,73,11,2.0377601010101674,4.940416666666768
Sudan Savannah,Navrongo,1979,88,4,0.7816180555555879,1.1621666666667014
Sudan Savannah,Navrongo,1979,101,6,1.4930833333333773,1.9943055555555995
Sudan Savannah,Navrongo,1979,111,6,1.1169444444444716,2.6700000000000483
Sudan Savannah,Navrongo,1980,80,3,1.659129629629689,3.165444444444525
Sudan Savannah,Navrongo,1980,85,3,0.3647962962963287,0.5370000000000392
Sudan Savannah,Navrongo,1980,98,6,1.5560092592593031,2.738000000000064
Sudan Savannah,Navrongo,1980,109,4,0.06666666666668242,0.18333333333335133
Sudan Savannah,Navrongo,1981,81,4,0.482548611111157,1.2901111111111614
Sudan Savannah,Navrongo,1981,95,13,1.8784209401709901,5.223444444444537
Sudan Savannah,Navrongo,1982,94,3,0.8231666666667102,1.006250000000043
Sudan Savannah,Navrongo,1983,84,7,2.7826388888889446,6.459583333333428
Sudan Savannah,Navrongo,1983,97,20,1.6586750000000392,2.997222222222278
Sudan Savannah,Navrongo,1983,127,3,0.5555555555555713,0.6500000000000128
Sudan Savannah,Navrongo,1984,93,7,1.1031269841270386,1.8050000000000717
Sudan Savannah,Navrongo,1985,67,6,2.1708888888889732,5.020000000000097
Sudan Savannah,Navrongo,1985,81,3,0.9381851851852284,1.3166666666667193
Sudan Savannah,Navrongo,1985,86,4,0.6332500000000311,1.6340000000000485
Sudan Savannah,Navrongo,1985,118,4,0.7352013888889268,1.1537500000000547
Sudan Savannah,Navrongo,1986,93,7,1.4727142857143547,2.633277777777881
Sudan Savannah,Navrongo,1986,105,4,1.6031944444445112,3.405111111111205
Sudan Savannah,Navrongo,1986,121,3,0.3681388888889214,0.5710833333333759
Sudan Savannah,Navrongo,1987,105,6,0.8000370370370878,2.112500000000081
Sudan Savannah,Navrongo,1987,115,19,1.6230043859649614,3.8566111111111865
Sudan Savannah,Navrongo,1988,62,5,1.3127500000000953,1.7475000000000875
Sudan Savannah,Navrongo,1988,90,6,0.5381666666667008,2.1623333333334136
Sudan Savannah,Navrongo,1988,98,3,1.1510000000000593,1.4453611111111793
Sudan Savannah,Navrongo,1989,98,8,1.2411631944445285,3.0188888888890006
Sudan Savannah,Navrongo,1989,118,4,2.589145833333405,4.992777777777887
Sudan Savannah,Navrongo,1990,89,5,0.6580777777778452,1.6195833333334193
Sudan Savannah,Navrongo,1991,90,5,0.5087000000000595,0.9139166666667418
Sudan Savannah,Navrongo,1992,86,5,1.867916666666765,3.4225000000001238
Sudan Savannah,Navrongo,1992,94,3,0.268148148148188,0.3377777777778315
Sudan Savannah,Navrongo,1993,65,3,0.9045740740741876,1.5420000000001228
Sudan Savannah,Navrongo,1993,89,3,0.4696111111111872,0.6132777777778508
Sudan Savannah,Navrongo,1993,94,4,1.057576388888969,1.7541666666667586
Sudan Savannah,Navrongo,1993,131,6,0.9400231481482292,1.7970000000001027
Sudan Savannah,Navrongo,1994,84,4,0.7096805555556364,1.5022222222223234
Sudan Savannah,Navrongo,1994,89,5,2.3579277777778893,4.201277777777916
Sudan Savannah,Navrongo,1994,98,9,0.6560617283951102,1.2021111111112033
Sudan Savannah,Navrongo,1995,90,5,2.1552000000001117,3.520277777777934
Sudan Savannah,Navrongo,1995,98,8,0.39983333333338045,0.9320000000000938
Sudan Savannah,Navrongo,1996,72,3,0.2596064814815637,0.4033000000000853
Sudan Savannah,Navrongo,1996,93,3,1.2932685185186246,1.7291111111112294
Sudan Savannah,Navrongo,1996,97,3,0.43750000000006195,1.095833333333432
Sudan Savannah,Navrongo,1996,124,5,1.0869000000000797,2.2118055555556544
Sudan Savannah,Navrongo,1997,81,3,1.2755370370371502,2.227500000000134
Sudan Savannah,Navrongo,1998,36,4,2.8440597222223927,4.865522222222421
Sudan Savannah,Navrongo,1998,81,6,1.4217129629630583,2.9628333333334584
Sudan Savannah,Navrongo,1998,89,20,2.712414305555648,5.239491666666802
Sudan Savannah,Navrongo,1998,116,4,0.9833333333333627,1.2666666666666941
Sudan Savannah,Navrongo,1998,129,3,0.3021759259259548,0.6231944444444832
Sudan Savannah,Navrongo,1999,75,5,1.200921666666766,1.8237916666667817
Sudan Savannah,Navrongo,1999,85,4,0.2666041666667085,0.4338888888889417
Sudan Savannah,Navrongo,1999,101,4,1.4743541666667443,2.180250000000099
Sudan Savannah,Navrongo,2000,91,12,2.309319907407495,5.634441666666839
Sudan Savannah,Navrongo,2000,117,4,1.0001388888889293,1.8622222222222953
Sudan Savannah,Navrongo,2000,128,3,0.32777777777780176,0.4166666666666927
Sudan Savannah,Navrongo,2001,86,4,0.683093750000064,1.532138888888976
Sudan Savannah,Navrongo,2001,99,7,0.6606349206349709,1.5382500000000732
Sudan Savannah,Navrongo,2002,73,5,2.6988500000001006,4.634000000000127
Sudan Savannah,Navrongo,2002,81,16,1.0941006944444962,2.937000000000095
Sudan Savannah,Navrongo,2002,110,9,0.8394382716049734,2.838277777777868
Sudan Savannah,Navrongo,2004,87,4,2.3473270833333784,4.405261111111154
Sudan Savannah,Navrongo,2005,55,8,1.8018298611111643,2.9553333333333995
Sudan Savannah,Navrongo,2005,65,9,2.381098765432152,3.8071388888889715
Sudan Savannah,Navrongo,2005,75,3,0.3388888888889028,0.6000000000000156
Sudan Savannah,Navrongo,2005,79,3,0.37222222222224133,0.516666666666687
Sudan Savannah,Navrongo,2005,83,26,1.099982905982927,3.0064166666667407
Sudan Savannah,Navrongo,2005,117,3,0.6666666666666833,1.4333333333333513
Sudan Savannah,Navrongo,2006,63,5,0.4996111111111584,1.324500000000059
Sudan Savannah,Navrongo,2006,80,7,0.9152539682540145,1.5847222222222885
Sudan Savannah,Navrongo,2006,91,6,0.30032407407409195,0.5852777777778051
Sudan Savannah,Navrongo,2006,98,13,0.6875405982906202,1.503333333333371
Sudan Savannah,Navrongo,2007,79,14,1.5652896825397378,2.9183333333334165
Sudan Savannah,Navrongo,2008,92,3,0.26305555555558574,0.4729166666666986
Sudan Savannah,Navrongo,2008,105,9,0.5937808641975618,1.9430000000000436
Sudan Savannah,Navrongo,2009,82,7,1.2650555555555862,2.6152777777778216
Sudan Savannah,Navrongo,2009,98,5,0.38496666666667967,0.7281666666666862
Sudan Savannah,Navrongo,2010,51,4,1.7613402777778577,2.2931111111111924
Sudan Savannah,Navrongo,2010,59,10,0.5378611111111489,1.0935555555556018
Sudan Savannah,Navrongo,2010,72,7,1.0718555555555926,2.195555555555619
Sudan Savannah,Navrongo,2010,88,9,0.48333333333334927,0.9666666666666828
Sudan Savannah,Navrongo,2010,98,8,1.1281944444444745,1.7868888888889298
Sudan Savannah,Navrongo,2010,109,4,1.4352500000000372,2.6236666666667348
Sudan Savannah,Navrongo,2011,66,9,1.683978395061784,2.5763333333334173
Sudan Savannah,Navrongo,2011,89,5,0.2800000000000168,0.6000000000000156
Sudan Savannah,Navrongo,2011,106,4,1.2398472222222578,2.257000000000052
Sudan Savannah,Navrongo,2012,77,7,0.5171785714286031,0.8854166666666977
Sudan Savannah,Navrongo,2012,86,5,0.7149000000000383,1.310416666666707
Sudan Savannah,Navrongo,2013,58,6,2.7790185185185785,4.645694444444535
Sudan Savannah,Navrongo,2013,65,8,2.9047743055556157,4.546555555555623
Sudan Savannah,Navrongo,2014,95,3,1.1426768518519266,1.7618416666667518
Sudan Savannah,Navrongo,2015,99,3,1.2731518518518936,1.5288888888889345
Sudan Savannah,Navrongo,2015,110,6,1.64591759259264,2.999966666666741
Sudan Savannah,Navrongo,2015,120,5,1.0202211111111468,1.4125833333333617
Sudan Savannah,Navrongo,2016,105,3,0.7078611111111376,1.0979166666667022
Sudan Savannah,Navrongo,2016,113,6,1.1908888888889175,3.5726666666667146
Sudan Savannah,Navrongo,2016,123,4,0.5952291666666866,1.3031944444444745
Sudan Savannah,Navrongo,2017,107,4,0.25370625000002733,0.4477777777778049
Sudan Savannah,Navrongo,2018,108,3,0.5131037037037353,0.5995555555555934
Sudan Savannah,Navrongo,2019,80,3,0.2534351851852183,0.6138888888889199
Sudan Savannah,Navrongo,2019,92,12,0.6823773148148423,2.165833333333395
Sudan Savannah,Navrongo,2019,106,5,0.4500000000000156,0.6833333333333513
Sudan Savannah,Navrongo,2020,69,4,4.098388888889008,7.389250000000171
Sudan Savannah,Navrongo,2020,75,9,1.6406820987654995,3.706000000000108
Sudan Savannah,Navrongo,2020,89,11,1.7182661616162085,2.742188888888948
Sudan Savannah,Navrongo,2020,105,6,1.6107314814815397,2.8291666666667394
Sudan Savannah,Navrongo,2021,66,5,1.254702222222287,1.8395555555556469
Sudan Savannah,Navrongo,2021,82,5,1.21136666666672,1.7907500000000707
Sudan Savannah,Navrongo,2021,96,15,1.7683351851852356,2.7456388888889673
Sudan Savannah,Navrongo,2021,114,3,0.705555555555577,0.9833333333333556
Sudan Savannah,Navrongo,2022,114,4,0.8776802777778384,1.7407866666667449
Sudan Savannah,Zuarungu,1962,94,3,0.24857407407407764,0.5633333333333306
Sudan Savannah,Zuarungu,1964,113,4,0.10752777777777242,0.22296944444444533
Sudan Savannah,Zuarungu,1971,107,3,0.8411111111111232,1.0516666666666843
Sudan Savannah,Zuarungu,1972,92,4,0.9029027777777924,1.8527777777777996
Sudan Savannah,Zuarungu,1973,87,4,0.8700902777777948,1.8131666666666855
Sudan Savannah,Zuarungu,1973,94,12,1.608252314814835,3.5451111111111424
Sudan Savannah,Zuarungu,1973,128,3,0.20967592592593268,0.47077777777778207
Sudan Savannah,Zuarungu,1974,68,3,1.993422222222253,2.6971000000000442
Sudan Savannah,Zuarungu,1974,85,3,0.4265203703703841,0.6992000000000118
Sudan Savannah,Zuarungu,1974,95,7,0.644379365079369,1.0992777777777871
Sudan Savannah,Zuarungu,1974,114,4,0.5191388888888913,1.2480833333333357
Sudan Savannah,Zuarungu,1974,121,3,0.685425925925931,1.606277777777783
Sudan Savannah,Zuarungu,1975,73,7,1.3703095238095349,2.263000000000006
Sudan Savannah,Zuarungu,1977,103,6,2.2118370833333443,3.4399499999999925
Sudan Savannah,Zuarungu,1978,88,3,1.5280350000000054,2.2250411111111075
Sudan Savannah,Zuarungu,1980,100,3,0.8083510185185286,1.1399080555555634
Sudan Savannah,Zuarungu,1981,98,3,0.5340785185185227,1.1364600000000074
Sudan Savannah,Zuarungu,1981,105,3,0.31956574074074046,0.5588888888888849
Sudan Savannah,Zuarungu,1983,87,3,0.451930555555562,0.8344355555555576
Sudan Savannah,Zuarungu,1983,98,4,1.5383208333333367,3.2054847222222267
Sudan Savannah,Zuarungu,1983,108,7,1.2961053571428651,2.329187222222239
Sudan Savannah,Zuarungu,1986,106,3,1.2479584259259437,1.7888691666666987
Sudan Savannah,Zuarungu,1987,104,7,0.6082978968253985,1.3594930555555556
Sudan Savannah,Zuarungu,1987,124,9,1.0099803086419703,1.9235955555555444
Sudan Savannah,Zuarungu,1990,93,4,2.1325013888888558,4.752599999999961
Sudan Savannah,Zuarungu,1991,69,3,2.43830666666664,3.8681177777777513
Sudan Savannah,Zuarungu,1991,80,3,8.282312037036988,16.5376527777777
Sudan Savannah,Zuarungu,1991,87,14,6.836344900793615,12.065173888888836
Sudan Savannah,Zuarungu,1994,84,10,0.5549666666666626,1.1542222222222138
Sudan Savannah,Zuarungu,1994,100,8,1.5829583333333317,3.330166666666661
Sudan Savannah,Zuarungu,1994,114,3,0.8187962962962928,1.2230555555555516
Sudan Savannah,Zuarungu,1995,76,6,1.3285509259259096,2.856499999999976
Sudan Savannah,Zuarungu,1995,85,3,0.2398981481481467,0.43636111111110865
Sudan Savannah,Zuarungu,1995,90,17,1.296570261437903,2.6373333333333284
Sudan Savannah,Zuarungu,1995,110,4,1.6978611111111104,3.4328333333333254
Sudan Savannah,Zuarungu,1996,77,9,0.4078641975308615,0.8595277777777773
Sudan Savannah,Zuarungu,1996,93,7,0.8673095238095183,1.143333333333324
Sudan Savannah,Zuarungu,1996,125,4,0.531083333333327,1.1219444444444504
Sudan Savannah,Zuarungu,1997,79,6,2.2134814814814576,6.505333333333307
Sudan Savannah,Zuarungu,1997,106,4,1.8804791666666418,2.2471111111110758
Sudan Savannah,Zuarungu,1998,34,9,5.820194444444393,9.962833333333256
Sudan Savannah,Zuarungu,1998,73,3,1.2105833333333134,1.5910555555555403
Sudan Savannah,Zuarungu,1998,82,27,2.8408919753086144,5.668666666666643
Sudan Savannah,Zuarungu,1999,63,6,2.07945740740738,4.955649999999977
Sudan Savannah,Zuarungu,1999,74,3,0.39784444444443023,0.4389333333333225
Sudan Savannah,Zuarungu,1999,78,13,0.8013619658119573,2.1508333333333183
Sudan Savannah,Zuarungu,1999,92,5,1.2250444444444348,1.9606944444444216
Sudan Savannah,Zuarungu,1999,102,3,2.374305555555539,3.59374999999998
Sudan Savannah,Zuarungu,2000,91,4,0.377819444444433,0.8860833333333298
Sudan Savannah,Zuarungu,2000,96,7,2.9996388888888683,4.8333333333332975
Sudan Savannah,Zuarungu,2000,111,13,1.0523611111111029,2.6109166666666477
Sudan Savannah,Zuarungu,2001,74,6,1.9364138888888809,3.544438888888883
Sudan Savannah,Zuarungu,2001,82,9,1.7504290123456567,3.154499999999966
Sudan Savannah,Zuarungu,2001,97,10,1.306355555555538,2.502555555555513
Sudan Savannah,Zuarungu,2001,112,3,0.14444444444443624,0.3333333333333215
Sudan Savannah,Zuarungu,2001,118,3,1.1940740740740632,2.4488888888888707
Sudan Savannah,Zuarungu,2002,72,17,2.826099673202586,6.816055555555515
Sudan Savannah,Zuarungu,2002,90,9,1.4548888888888696,2.612499999999961
Sudan Savannah,Zuarungu,2002,109,10,1.0606888888888786,1.8402222222221984
Sudan Savannah,Zuarungu,2003,79,3,1.9327222222221814,2.457166666666613
Sudan Savannah,Zuarungu,2003,86,10,0.6889444444444244,1.465333333333304
Sudan Savannah,Zuarungu,2003,113,6,0.40747685185183885,0.671138888888876
Sudan Savannah,Zuarungu,2003,122,8,1.3502361111110859,2.672999999999951
Sudan Savannah,Zuarungu,2004,81,10,4.418197222222192,8.211222222222181
Sudan Savannah,Zuarungu,2004,95,4,1.8056597222222044,2.6644722222222046
Sudan Savannah,Zuarungu,2005,61,13,3.905521623931596,9.301788888888838
Sudan Savannah,Zuarungu,2005,75,33,1.303779208754198,2.751219444444442
Sudan Savannah,Zuarungu,2006,62,7,2.5047380952380527,5.382027777777746
Sudan Savannah,Zuarungu,2006,75,3,0.6013611111110925,0.7225833333333195
Sudan Savannah,Zuarungu,2006,79,8,1.0089687499999724,1.4256111111110745
Sudan Savannah,Zuarungu,2006,92,20,0.9374652777777632,1.6769999999999767
Sudan Savannah,Zuarungu,2007,77,14,4.347523809523757,8.522666666666616
Sudan Savannah,Zuarungu,2007,100,3,0.6166666666666553,0.9333333333333229
Sudan Savannah,Zuarungu,2008,90,5,0.5074499999999762,1.107944444444411
Sudan Savannah,Zuarungu,2008,103,7,1.382575396825363,2.77911111111106
Sudan Savannah,Zuarungu,2008,111,4,1.0904583333333142,2.21111111111107
Sudan Savannah,Zuarungu,2008,129,3,0.38333333333331865,0.5166666666666586
Sudan Savannah,Zuarungu,2009,68,4,0.8820069444444035,1.5962222222221591
Sudan Savannah,Zuarungu,2009,73,4,1.7252499999999538,2.615999999999934
Sudan Savannah,Zuarungu,2009,82,7,2.4684484126983506,4.474333333333249
Sudan Savannah,Zuarungu,2009,96,7,0.9904761904761737,1.16666666666665
Sudan Savannah,Zuarungu,2010,51,31,2.724231810035798,5.90822222222215
Sudan Savannah,Zuarungu,2010,88,25,1.7409911111110832,4.1566666666666015
Sudan Savannah,Zuarungu,2011,64,11,2.672969696969635,5.392222222222137
Sudan Savannah,Zuarungu,2011,77,17,0.801519607843113,1.562555555555517
Sudan Savannah,Zuarungu,2011,99,4,0.49583333333331403,0.7499999999999787
Sudan Savannah,Zuarungu,2011,105,9,0.9840154320987406,2.4392499999999506
Sudan Savannah,Zuarungu,2011,118,3,0.5055555555555387,0.733333333333313
Sudan Savannah,Zuarungu,2012,59,6,2.0333842592591878,3.618222222222133
Sudan Savannah,Zuarungu,2012,77,16,2.0161128472221614,4.558944444444354
Sudan Savannah,Zuarungu,2013,57,21,3.3774960317459515,8.386666666666544
Sudan Savannah,Zuarungu,2013,103,4,0.28333333333331545,0.3333333333333144
Sudan Savannah,Zuarungu,2014,76,5,1.3253999999999313,1.8324999999999279
Sudan Savannah,Zuarungu,2014,86,4,0.9024791666666038,1.2869999999999275
Sudan Savannah,Zuarungu,2015,95,3,1.0369574074073373,1.322933333333262
Sudan Savannah,Zuarungu,2015,99,3,5.313888888888769,7.608188888888739
Sudan Savannah,Zuarungu,2015,110,14,3.381039642857053,7.878736111110974
Sudan Savannah,Zuarungu,2016,69,3,2.1124074074073036,3.6459999999998933
Sudan Savannah,Zuarungu,2016,90,3,1.6800833333332574,2.7935277777776912
Sudan Savannah,Zuarungu,2016,95,5,1.1370444444443808,2.1401111111110187
Sudan Savannah,Zuarungu,2016,104,24,2.394925925925856,8.98463888888871
Sudan Savannah,Zuarungu,2017,108,4,0.4394448611110664,1.1800666666666053
Sudan Savannah,Zuarungu,2019,80,3,0.7191320370369207,1.2436161111109751
Sudan Savannah,Zuarungu,2019,94,4,0.6340995138888295,1.1750033333332535
Sudan Savannah,Zuarungu,2019,99,4,0.3115866666666292,0.7396799999999415
Sudan Savannah,Zuarungu,2020,78,4,0.9699657638887856,1.6079288888887653
Sudan Savannah,Zuarungu,2020,90,10,0.8647587777777048,1.4640124999999087
Sudan Savannah,Zuarungu,2020,107,3,0.35287499999996275,0.5836249999999508
Sudan Savannah,Zuarungu,2021,99,4,0.4113265277777043,0.6739886111110297
Guinea Savannah,Wa,1964,70,7,0.761285714285723,1.4250000000000034
Guinea Savannah,Wa,1969,68,3,0.3773333333333337,0.5815833333333364
Guinea Savannah,Wa,1970,85,8,1.1316111111111122,1.813777777777778
Guinea Savannah,Wa,1973,72,9,1.2570185185185352,2.3714722222222506
Guinea Savannah,Wa,1973,102,4,0.1416666666666746,0.2500000000000071
Guinea Savannah,Wa,1977,84,4,0.6526944444444808,1.07708333333339
Guinea Savannah,Wa,1978,87,4,0.4279236111111549,1.016888888888959
Guinea Savannah,Wa,1979,69,7,1.9083333333334012,3.362666666666735
Guinea Savannah,Wa,1979,97,6,0.3368842592592826,0.6010555555555888
Guinea Savannah,Wa,1979,111,4,0.4246805555555788,1.0041388888889198
Guinea Savannah,Wa,1983,79,3,0.1291944444444505,0.2102500000000086
Guinea Savannah,Wa,1983,84,7,3.3850238095238274,8.317833333333379
Guinea Savannah,Wa,1983,97,5,2.625361111111114,4.469000000000016
Guinea Savannah,Wa,1983,105,4,0.6574166666666692,1.0858888888888925
Guinea Savannah,Wa,1984,65,4,2.3486666666666607,3.101999999999997
Guinea Savannah,Wa,1984,90,6,0.40318518518519025,0.582833333333341
Guinea Savannah,Wa,1985,65,7,2.0127619047619034,3.5653888888888656
Guinea Savannah,Wa,1985,82,5,0.3459333333333349,0.7649999999999988
Guinea Savannah,Wa,1986,89,3,0.37905555555555953,0.4830000000000016
Guinea Savannah,Wa,1986,95,5,0.7503333333333367,1.5119999999999942
Guinea Savannah,Wa,1987,53,7,1.9393174603174816,3.5477777777777995
Guinea Savannah,Wa,1987,103,4,1.0349166666666842,1.4560000000000108
Guinea Savannah,Wa,1987,109,3,0.3272592592592684,0.748444444444455
Guinea Savannah,Wa,1987,114,5,2.97520000000003,5.484500000000041
Guinea Savannah,Wa,1987,129,3,0.6333333333333447,0.8666666666666814
Guinea Savannah,Wa,1988,58,5,0.9222666666666969,1.897277777777804
Guinea Savannah,Wa,1988,64,9,2.1386882716049636,7.404666666666685
Guinea Savannah,Wa,1988,75,7,0.7517460317460408,1.4427777777777895
Guinea Savannah,Wa,1988,89,6,1.5868148148148313,2.9956666666666782
Guinea Savannah,Wa,1988,103,3,0.3166666666666747,0.5333333333333385
Guinea Savannah,Wa,1990,89,5,2.1977000000000313,4.0455555555555955
Guinea Savannah,Wa,1991,51,10,0.6066166666666832,1.8808888888889066
Guinea Savannah,Wa,1991,64,9,1.5215864197531106,3.819111111111175
Guinea Savannah,Wa,1991,78,3,0.3944444444444552,0.5166666666666799
Guinea Savannah,Wa,1991,87,5,0.7592444444444512,0.9628888888888991
Guinea Savannah,Wa,1991,93,5,0.4900000000000091,0.8666666666666742
Guinea Savannah,Wa,1992,86,8,1.464739583333361,2.4071666666667157
Guinea Savannah,Wa,1994,68,3,0.21244444444445953,0.3873333333333484
Guinea Savannah,Wa,1994,84,3,0.4595185185185315,0.7346666666666839
Guinea Savannah,Wa,1994,89,4,0.7451875000000155,1.4315277777778068
Guinea Savannah,Wa,1994,100,5,0.8420833333333395,2.266333333333344
Guinea Savannah,Wa,1995,86,7,0.6223888888888928,1.9327777777777675
Guinea Savannah,Wa,1996,79,6,0.3497222222222229,0.949666666666676
Guinea Savannah,Wa,1996,89,7,0.4731865079365069,1.088750000000001
Guinea Savannah,Wa,1997,80,4,1.906180555555549,3.271916666666654
Guinea Savannah,Wa,1998,34,8,6.240013888888896,11.287555555555578
Guinea Savannah,Wa,1998,71,4,1.0569583333333312,1.9506666666666719
Guinea Savannah,Wa,1998,79,22,2.1809444444444464,5.08422222222225
Guinea Savannah,Wa,1998,105,4,0.49166666666666714,0.8333333333333357
Guinea Savannah,Wa,1999,79,5,0.368422222222209,0.8407777777777578
Guinea Savannah,Wa,1999,101,3,0.680092592592584,0.906722222222208
Guinea Savannah,Wa,2000,90,3,1.195712962962965,2.3485277777777784
Guinea Savannah,Wa,2001,63,4,3.333187499999999,4.04425000000002
Guinea Savannah,Wa,2001,78,11,0.5798636363636457,0.9874166666666702
Guinea Savannah,Wa,2001,99,8,0.4583333333333375,0.8500000000000014
Guinea Savannah,Wa,2002,55,3,2.9675370370370557,5.801500000000003
Guinea Savannah,Wa,2002,62,33,1.2544444444444538,4.421388888888892
Guinea Savannah,Wa,2003,54,3,0.9034444444444558,1.7777500000000197
Guinea Savannah,Wa,2003,78,3,1.1421759259259407,1.3184722222222482
Guinea Savannah,Wa,2003,87,10,0.7987111111111218,2.1583333333333545
Guinea Savannah,Wa,2004,81,10,3.0284000000000106,4.9769444444444595
Guinea Savannah,Wa,2004,96,3,0.21711111111112044,0.45733333333334636
Guinea Savannah,Wa,2005,43,3,1.8504074074074255,2.804555555555566
Guinea Savannah,Wa,2005,55,8,2.5117777777777976,3.806000000000016
Guinea Savannah,Wa,2005,66,7,0.9496190476190571,2.7840000000000056
Guinea Savannah,Wa,2005,75,8,0.6139340277777903,1.644805555555571
Guinea Savannah,Wa,2005,95,4,0.6416666666666764,0.9166666666666785
Guinea Savannah,Wa,2006,62,6,1.2096712962963372,1.9152500000000414
Guinea Savannah,Wa,2006,74,13,0.8751645299145546,2.329555555555577
Guinea Savannah,Wa,2006,92,5,0.6100000000000136,0.9666666666666757
Guinea Savannah,Wa,2006,99,11,0.7798712121212333,1.8665277777778173
Guinea Savannah,Wa,2007,76,10,0.979480555555585,2.3883611111111698
Guinea Savannah,Wa,2008,63,5,2.366444444444496,4.508333333333406
Guinea Savannah,Wa,2008,86,6,0.76756018518521,1.5311111111111484
Guinea Savannah,Wa,2008,104,3,0.3860000000000177,0.5413333333333576
Guinea Savannah,Wa,2009,61,7,0.5536031746032017,0.9025000000000344
Guinea Savannah,Wa,2010,49,32,2.0229305555555914,7.666750000000105
Guinea Savannah,Wa,2010,84,12,1.2111458333333593,2.7898888888889375
Guinea Savannah,Wa,2011,52,3,0.6957685185185607,1.531055555555603
Guinea Savannah,Wa,2011,66,3,0.21919444444447667,0.37466666666670245
Guinea Savannah,Wa,2011,70,4,1.0061805555555834,1.8624444444444712
Guinea Savannah,Wa,2011,89,6,0.8730555555555828,1.9570833333333886
Guinea Savannah,Wa,2012,76,17,1.3725686274510125,2.401583333333378
Guinea Savannah,Wa,2013,58,13,1.7530405982906343,3.2630000000000443
Guinea Savannah,Wa,2014,75,7,0.5343809523809732,0.9472222222222533
Guinea Savannah,Wa,2014,85,5,0.30000000000000926,0.5000000000000107
Guinea Savannah,Wa,2015,39,4,0.9996527777778355,2.090833333333401
Guinea Savannah,Wa,2015,44,4,2.0821666666667205,3.9080833333333933
Guinea Savannah,Wa,2015,66,11,0.9312550505050808,2.3208055555556015
Guinea Savannah,Wa,2015,80,6,0.4171990740740941,0.592361111111134
Guinea Savannah,Wa,2015,99,3,0.9199074074074289,1.4913888888889155
Guinea Savannah,Wa,2015,110,7,1.6834444444444743,3.9131666666667146
Guinea Savannah,Wa,2015,120,4,0.8138055555555777,0.9972222222222559
Guinea Savannah,Wa,2015,134,4,0.12083333333334245,0.21666666666667567
Guinea Savannah,Wa,2016,54,8,0.7918784722222579,2.0822777777778354
Guinea Savannah,Wa,2016,65,8,1.5775243055555808,4.745833333333375
Guinea Savannah,Wa,2016,81,3,0.050000000000009,0.10000000000000853
Guinea Savannah,Wa,2016,89,9,0.8992932098765642,2.791555555555587
Guinea Savannah,Wa,2016,103,15,0.6330555555555734,1.3066666666666977
Guinea Savannah,Wa,2017,55,13,1.774134829059874,3.7057222222222737
Guinea Savannah,Wa,2017,70,10,1.7179583333333632,3.000388888888932
Guinea Savannah,Wa,2017,87,6,1.645532407407442,3.2834166666667253
Guinea Savannah,Wa,2017,102,10,1.0586083333333547,2.268000000000037
Guinea Savannah,Wa,2019,71,20,1.143095833333379,2.9019444444445175
Guinea Savannah,Wa,2020,96,3,0.2935524074074401,0.3685861111111429
Guinea Savannah,Wa,2021,63,8,0.8738368055556021,2.1560000000000636
Guinea Savannah,Wa,2021,75,3,0.380953703703734,0.7451111111111439
Guinea Savannah,Wa,2021,91,15,1.4902722222222584,3.8111111111111633
Guinea Savannah,Wa,2022,66,7,1.3661357142857742,2.2811250000000896
Guinea Savannah,Wa,2022,74,3,0.25628055555558293,0.3911500000000294
Guinea Savannah,Bole,1960,71,4,0.9311367361111207,1.4923822222222307
Guinea Savannah,Bole,1962,58,3,1.0836518518518592,2.146763888888912
Guinea Savannah,Bole,1964,69,8,0.8964812500000071,2.064505555555562
Guinea Savannah,Bole,1970,88,4,0.5022860416666751,0.7009775000000176
Guinea Savannah,Bole,1973,71,4,0.5250339583333399,0.8425694444444456
Guinea Savannah,Bole,1976,99,3,0.5432684259259282,0.6332027777777759
Guinea Savannah,Bole,1977,83,6,1.4716601851851898,2.098866666666676
Guinea Savannah,Bole,1979,70,10,2.3523566666666613,5.5399333333333205
Guinea Savannah,Bole,1979,97,4,0.6621249999999964,1.015444444444438
Guinea Savannah,Bole,1980,73,5,0.28359499999999505,0.6334583333333252
Guinea Savannah,Bole,1983,48,3,1.021668518518504,1.457708333333308
Guinea Savannah,Bole,1983,66,5,1.3596594444444456,3.088547222222223
Guinea Savannah,Bole,1983,77,12,1.8093767129629652,7.28219999999999
Guinea Savannah,Bole,1983,99,18,0.9167987654321005,3.860833333333327
Guinea Savannah,Bole,1984,59,10,2.261348888888893,4.894583333333317
Guinea Savannah,Bole,1984,79,4,0.8578750000000062,1.1691666666666696
Guinea Savannah,Bole,1984,89,3,0.17330555555555852,0.5032500000000028
Guinea Savannah,Bole,1985,66,4,0.7166444444444566,1.4998500000000254
Guinea Savannah,Bole,1985,81,6,1.026518518518521,1.7070000000000023
Guinea Savannah,Bole,1987,54,6,1.25310601851852,2.2070888888888898
Guinea Savannah,Bole,1987,114,10,2.209163888888888,6.175000000000011
Guinea Savannah,Bole,1987,127,5,0.39666666666666683,0.6833333333333336
Guinea Savannah,Bole,1988,56,7,2.7954662698412704,6.359375000000005
Guinea Savannah,Bole,1988,66,16,0.8714850694444453,2.203624999999995
Guinea Savannah,Bole,1988,90,5,0.933333333333335,1.0833333333333393
Guinea Savannah,Bole,1989,67,3,0.43909907407407917,0.6100500000000015
Guinea Savannah,Bole,1990,89,8,2.117314236111115,5.323597222222217
Guinea Savannah,Bole,1991,51,7,1.1727968253968393,2.078611111111129
Guinea Savannah,Bole,1991,64,3,0.4856148148148218,0.7624833333333478
Guinea Savannah,Bole,1992,84,13,1.135191666666674,3.882661111111123
Guinea Savannah,Bole,1992,118,3,0.4816851851851857,1.1950555555555535
Guinea Savannah,Bole,1994,78,3,0.21573425925926284,0.44549166666667467
Guinea Savannah,Bole,1994,82,4,0.28020763888889266,0.3223500000000085
Guinea Savannah,Bole,1994,101,4,0.3393055555555561,0.6572222222222179
Guinea Savannah,Bole,1995,68,4,0.6363368055555607,0.9488666666666711
Guinea Savannah,Bole,1995,90,3,0.2634444444444463,0.47366666666666885
Guinea Savannah,Bole,1996,91,3,0.8350555555555591,1.3365000000000027
Guinea Savannah,Bole,1997,79,4,2.0292736111111203,3.0749222222222246
Guinea Savannah,Bole,1998,30,13,5.1626773504273595,9.498591666666654
Guinea Savannah,Bole,1998,72,5,1.2510433333333366,2.544100000000005
Guinea Savannah,Bole,1998,79,18,2.1086554012345706,5.256388888888884
Guinea Savannah,Bole,1998,98,4,0.5041666666666682,1.033333333333335
Guinea Savannah,Bole,1998,105,6,1.112194444444442,2.81755555555556
Guinea Savannah,Bole,1999,64,5,0.8108999999999927,1.6518055555555504
Guinea Savannah,Bole,1999,79,5,0.3806166666666613,0.8798611111110995
Guinea Savannah,Bole,2001,63,4,0.9604347222222149,1.775288888888879
Guinea Savannah,Bole,2001,84,4,0.17279930555555303,0.31502222222222054
Guinea Savannah,Bole,2002,65,4,0.8027999999999968,1.0149333333333252
Guinea Savannah,Bole,2002,73,5,1.4044555555555498,2.2595999999999914
Guinea Savannah,Bole,2002,80,15,1.2781474074073993,3.676333333333313
Guinea Savannah,Bole,2003,78,4,1.3776794444444378,2.11990277777778
Guinea Savannah,Bole,2003,90,6,0.24013888888888682,0.4733055555555497
Guinea Savannah,Bole,2005,55,19,1.2225587719298219,2.7593833333333135
Guinea Savannah,Bole,2005,75,5,1.264714999999994,2.440241666666644
Guinea Savannah,Bole,2005,85,14,0.6535714285714259,1.43333333333333
Guinea Savannah,Bole,2006,44,3,2.573560185185165,3.8217916666666514
Guinea Savannah,Bole,2006,62,7,1.6186714285714172,2.6636222222222092
Guinea Savannah,Bole,2006,80,8,0.5545374999999976,1.3381499999999935
Guinea Savannah,Bole,2006,90,20,0.8497486111111044,2.726999999999984
Guinea Savannah,Bole,2007,76,16,3.114490624999979,9.132044444444443
Guinea Savannah,Bole,2008,59,9,0.9962691358024472,2.467577777777742
Guinea Savannah,Bole,2008,104,3,0.7878425925925776,1.4137499999999865
Guinea Savannah,Bole,2009,55,5,0.6022866666666524,1.0996777777777562
Guinea Savannah,Bole,2009,63,7,0.3119666666666592,0.7170999999999882
Guinea Savannah,Bole,2010,48,22,2.6255190656565404,8.620333333333301
Guinea Savannah,Bole,2010,72,6,0.427777777777773,0.8333333333333286
Guinea Savannah,Bole,2010,85,12,1.5204143518518425,3.399111111111111
Guinea Savannah,Bole,2010,98,6,0.5777777777777752,1.2166666666666615
Guinea Savannah,Bole,2010,133,3,0.577444444444439,0.8154722222222169
Guinea Savannah,Bole,2011,72,3,0.5175462962962948,0.6729166666666665
Guinea Savannah,Bole,2011,85,4,0.3575833333333307,0.517499999999997
Guinea Savannah,Bole,2011,90,4,0.6614444444444428,1.479111111111107
Guinea Savannah,Bole,2011,106,4,0.6169166666666601,1.062499999999987
Guinea Savannah,Bole,2012,78,15,1.7018444444444314,2.890333333333297
Guinea Savannah,Bole,2013,58,4,1.4911499999999855,3.1877999999999855
Guinea Savannah,Bole,2013,65,6,1.6142546296296212,2.382599999999992
Guinea Savannah,Bole,2016,54,3,0.7294822222222171,1.1121558333333337
Guinea Savannah,Bole,2016,68,3,0.77440407407407,1.1379888888888918
Guinea Savannah,Bole,2016,113,5,0.9096848333333302,1.8007180555555518
Guinea Savannah,Bole,2017,47,4,1.319372222222217,2.4585999999999957
Guinea Savannah,Bole,2017,54,29,2.0869115900383073,5.49982222222222
Guinea Savannah,Bole,2017,87,5,0.8266666666666651,1.2666666666666657
Guinea Savannah,Bole,2017,103,10,0.3690555555555516,0.593055555555546
Guinea Savannah,Bole,2018,48,7,1.1325249999999973,3.0567249999999877
Guinea Savannah,Bole,2018,70,5,0.9017333333333323,1.7786666666666702
Guinea Savannah,Bole,2018,87,4,0.9161805555555533,1.3724999999999965
Guinea Savannah,Bole,2018,93,3,0.2611111111111117,0.40000000000000213
Guinea Savannah,Bole,2019,65,5,1.7196722222222305,3.7311111111111472
Guinea Savannah,Bole,2019,73,7,2.5106507936507994,5.19841666666668
Guinea Savannah,Bole,2019,83,3,0.8621111111111152,1.3996666666666737
Guinea Savannah,Bole,2019,88,3,0.4055555555555574,0.850000000000005
Guinea Savannah,Bole,2019,98,15,0.556055555555559,1.2075000000000051
Guinea Savannah,Bole,2019,116,3,0.5222222222222245,0.8166666666666664
Guinea Savannah,Bole,2020,50,7,1.4508690476190538,2.57911111111112
Guinea Savannah,Bole,2020,59,22,2.685382702020209,5.6637750000000056
Guinea Savannah,Bole,2020,88,11,1.2934368686868707,1.9111388888888987
Guinea Savannah,Bole,2020,107,3,0.3611111111111131,0.4833333333333343
Guinea Savannah,Bole,2020,129,3,0.3393055555555564,0.4343611111111095
Guinea Savannah,Bole,2021,45,5,2.2403233333333303,4.646025000000002
Guinea Savannah,Bole,2021,60,11,1.632851515151511,2.437799999999983
Guinea Savannah,Bole,2021,72,5,0.2566666666666677,0.5666666666666664
Guinea Savannah,Bole,2021,90,15,1.076018518518516,2.408833333333326
Guinea Savannah,Bole,2021,120,4,0.5768611111111059,1.1241111111110973
Guinea Savannah,Bole,2022,52,9,1.4171088888888825,2.973211666666645
Guinea Savannah,Bole,2022,65,9,2.0369203703703587,5.1401999999999735
Guinea Savannah,Bole,2022,83,5,0.5054733333333303,1.1940333333333262
Guinea Savannah,Bole,2022,89,4,0.8304913194444423,1.681965277777772
Guinea Savannah,Tamale,1964,69,8,0.5120173611111184,1.4462499999999978
Guinea Savannah,Tamale,1970,85,9,1.0340617283950566,2.42916666666668
Guinea Savannah,Tamale,1973,71,3,0.5022685185185183,0.7468611111111119
Guinea Savannah,Tamale,1973,77,4,0.9401458333333275,1.325999999999999
Guinea Savannah,Tamale,1975,73,3,1.8634444444444551,2.38944444444445
Guinea Savannah,Tamale,1977,83,6,0.5975277777777911,1.097250000000013
Guinea Savannah,Tamale,1977,102,5,0.8593111111111279,1.776444444444481
Guinea Savannah,Tamale,1979,72,10,1.3492111111111496,2.7055555555556237
Guinea Savannah,Tamale,1979,102,5,0.6941666666666856,1.3333333333333788
Guinea Savannah,Tamale,1980,72,5,0.1500777777777908,0.3635555555555649
Guinea Savannah,Tamale,1980,89,3,0.21666666666667803,0.3500000000000085
Guinea Savannah,Tamale,1980,98,5,0.47000000000001024,0.6500000000000128
Guinea Savannah,Tamale,1981,80,4,0.4188611111111284,0.7628611111111289
Guinea Savannah,Tamale,1981,99,9,1.3741379629629884,2.1388083333333747
Guinea Savannah,Tamale,1983,82,7,4.256307539682584,9.198611111111173
Guinea Savannah,Tamale,1983,104,12,0.47163148148149775,1.3363333333333691
Guinea Savannah,Tamale,1984,65,4,1.3541142361111596,2.262688888888947
Guinea Savannah,Tamale,1984,80,3,0.42698611111113854,0.8560305555555993
Guinea Savannah,Tamale,1985,68,6,2.1108703703704266,3.016222222222299
Guinea Savannah,Tamale,1987,54,4,0.8787986111111472,1.2465277777778194
Guinea Savannah,Tamale,1987,102,4,1.0506944444444812,1.4022777777778248
Guinea Savannah,Tamale,1987,113,20,1.1654694444444735,4.128416666666716
Guinea Savannah,Tamale,1988,59,8,2.502844791666748,3.4161666666667316
Guinea Savannah,Tamale,1988,70,4,0.6709722222222677,1.3270583333333887
Guinea Savannah,Tamale,1988,78,4,0.8206763888889159,2.0073222222222618
Guinea Savannah,Tamale,1988,90,5,1.6520388888889417,2.1606666666667316
Guinea Savannah,Tamale,1990,89,8,1.8799131944444984,2.6827500000000595
Guinea Savannah,Tamale,1991,53,3,0.6977055555556149,1.053266666666728
Guinea Savannah,Tamale,1992,84,6,0.8251759259259684,1.4273611111111755
Guinea Savannah,Tamale,1992,92,3,0.5679259259259585,1.067000000000052
Guinea Savannah,Tamale,1993,101,4,0.855368055555596,1.3511111111111473
Guinea Savannah,Tamale,1994,79,3,0.5494907407407698,1.1552222222222617
Guinea Savannah,Tamale,1994,102,3,0.19121666666668466,0.3903166666666884
Guinea Savannah,Tamale,1995,89,4,1.0261875000000624,1.3224444444445218
Guinea Savannah,Tamale,1996,64,4,0.4922986111111676,1.008250000000068
Guinea Savannah,Tamale,1996,73,3,0.5076666666667274,0.9816666666667462
Guinea Savannah,Tamale,1997,76,7,2.0319682539683788,3.6960000000001716
Guinea Savannah,Tamale,1998,31,12,4.645715277778004,10.13094444444474
Guinea Savannah,Tamale,1998,72,4,2.260333333333461,3.7600000000001708
Guinea Savannah,Tamale,1998,79,18,2.0640262345680127,4.595888888889055
Guinea Savannah,Tamale,1998,99,5,0.6066666666667032,1.4333333333333727
Guinea Savannah,Tamale,1998,105,5,1.0017500000000474,1.7587500000001024
Guinea Savannah,Tamale,1998,115,4,0.670833333333368,0.9166666666667069
Guinea Savannah,Tamale,1999,63,6,0.7552407407408671,1.52083333333347
Guinea Savannah,Tamale,1999,74,13,1.8081602564103507,4.434555555555711
Guinea Savannah,Tamale,1999,102,3,0.411537037037081,0.7679444444445106
Guinea Savannah,Tamale,2000,99,3,0.4313055555556189,0.6203611111111837
Guinea Savannah,Tamale,2001,63,4,1.904240972222377,3.213588888889075
Guinea Savannah,Tamale,2001,80,10,0.2449102777778236,0.6350000000000745
Guinea Savannah,Tamale,2001,99,4,0.5381111111111554,0.7357777777778434
Guinea Savannah,Tamale,2002,63,6,1.8169472222223952,3.9109388888891274
Guinea Savannah,Tamale,2002,73,15,1.7337240740741855,3.5162500000001784
Guinea Savannah,Tamale,2002,91,5,2.160194444444584,3.5911111111113083
Guinea Savannah,Tamale,2003,55,3,1.1752009259260623,1.2168722222223503
Guinea Savannah,Tamale,2003,78,4,1.6743611111111978,3.2583333333334594
Guinea Savannah,Tamale,2003,91,5,0.38313333333337635,0.8656666666667425
Guinea Savannah,Tamale,2004,81,10,3.176955555555696,6.610666666666866
Guinea Savannah,Tamale,2005,56,3,0.6064166666667309,1.4122222222223155
Guinea Savannah,Tamale,2005,86,7,0.5252380952381445,0.99155555555563
Guinea Savannah,Tamale,2005,96,4,0.8054027777778368,1.2950000000000832
Guinea Savannah,Tamale,2006,62,5,1.6505166666667699,2.551833333333458
Guinea Savannah,Tamale,2006,75,5,0.6526888888889272,1.912750000000001
Guinea Savannah,Tamale,2006,81,6,0.42777777777781384,0.8833333333333684
Guinea Savannah,Tamale,2006,91,19,1.0532675438597126,1.870000000000102
Guinea Savannah,Tamale,2007,76,7,2.174821428571556,4.3580833333335125
Guinea Savannah,Tamale,2007,85,6,0.8015787037037758,1.4295555555556552
Guinea Savannah,Tamale,2008,63,6,1.1958425925927145,1.616000000000122
Guinea Savannah,Tamale,2008,87,6,0.42230092592599117,0.795277777777866
Guinea Savannah,Tamale,2008,101,5,0.2997222222222753,0.6362222222222914
Guinea Savannah,Tamale,2009,57,20,1.0435979166667544,2.7583888888890407
Guinea Savannah,Tamale,2009,85,4,0.6041666666667087,1.0833333333333783
Guinea Savannah,Tamale,2010,52,17,1.237970424836743,2.201500000000195
Guinea Savannah,Tamale,2010,72,3,0.2611111111111602,0.483333333333384
Guinea Savannah,Tamale,2010,90,6,1.3961666666667718,2.1809444444446013
Guinea Savannah,Tamale,2010,99,7,1.2844285714286703,2.493000000000145
Guinea Savannah,Tamale,2011,89,5,0.8938777777778718,1.399666666666801
Guinea Savannah,Tamale,2012,85,8,1.235545138889019,2.5297777777779635
Guinea Savannah,Tamale,2013,61,4,1.3435069444446226,3.036000000000219
Guinea Savannah,Tamale,2016,53,4,0.9176597222223799,1.8983416666669222
Guinea Savannah,Tamale,2016,58,3,4.848810185185438,6.9385694444447195
Guinea Savannah,Tamale,2016,65,8,2.410892361111256,4.197666666666845
Guinea Savannah,Tamale,2016,77,6,0.374990740740795,1.0832777777778853
Guinea Savannah,Tamale,2016,87,6,1.4035000000000986,2.8222222222223645
Guinea Savannah,Tamale,2016,115,4,0.6898125000000734,1.021250000000097
Guinea Savannah,Tamale,2016,122,6,1.2068750000000987,1.900444444444579
Guinea Savannah,Tamale,2017,62,31,2.339506272401556,5.583555555555783
Guinea Savannah,Tamale,2017,102,12,1.2977453703704425,3.341111111111263
Guinea Savannah,Tamale,2018,51,4,2.8319166666668436,3.858927777777956
Guinea Savannah,Tamale,2018,60,7,1.3440238095239196,2.8295555555557126
Guinea Savannah,Tamale,2018,70,5,1.1942333333334478,1.9951111111112587
Guinea Savannah,Tamale,2018,87,10,1.2695083333334318,2.4277777777779335
Guinea Savannah,Tamale,2019,52,3,0.42219444444455245,0.5795833333334433
Guinea Savannah,Tamale,2019,66,3,0.9500277777778782,1.5487500000001235
Guinea Savannah,Tamale,2019,72,41,1.9086598915990147,4.772166666666871
Guinea Savannah,Tamale,2020,61,11,3.002338383838581,5.32053333333361
Guinea Savannah,Tamale,2020,73,7,2.0394071428572835,4.258100000000183
Guinea Savannah,Tamale,2020,89,7,0.42857142857147934,0.7500000000000497
Guinea Savannah,Tamale,2021,45,5,2.44629444444464,3.8933333333335525
Guinea Savannah,Tamale,2021,62,10,2.85014166666686,4.846444444444692
Guinea Savannah,Tamale,2021,75,34,1.6887312091504236,6.62916666666695
Guinea Savannah,Tamale,2021,114,3,1.1277777777778322,1.3500000000000583
Guinea Savannah,Tamale,2022,59,4,1.5221227083335045,3.422371944444659
Guinea Savannah,Tamale,2022,66,7,3.3340563095240183,5.82712888888916
Guinea Savannah,Tamale,2022,83,5,0.9501222222223025,1.4034444444445826
Guinea Savannah,Tamale,2022,89,3,1.3161564814815676,2.3551361111112694
Guinea Savannah,Yendi,1970,87,3,0.2620185185185205,0.5168888888888868
Guinea Savannah,Yendi,1970,91,6,0.338337962962967,0.6239444444444471
Guinea Savannah,Yendi,1977,103,6,0.612212962962979,1.4226666666666885
Guinea Savannah,Yendi,1979,72,8,0.5021111111111399,1.6177777777778177
Guinea Savannah,Yendi,1980,99,4,0.38933333333336134,0.7840000000000393
Guinea Savannah,Yendi,1981,60,5,0.4314166666667111,0.7749166666667267
Guinea Savannah,Yendi,1981,99,10,1.3786416666667107,1.9096388888889455
Guinea Savannah,Yendi,1983,84,5,3.270261111111176,5.593777777777882
Guinea Savannah,Yendi,1983,105,4,0.22268750000002357,0.4922222222222526
Guinea Savannah,Yendi,1983,113,3,0.5737129629629951,0.8364444444444853
Guinea Savannah,Yendi,1985,68,5,1.4592333333333776,2.407333333333386
Guinea Savannah,Yendi,1987,115,9,1.314808641975335,3.006388888888929
Guinea Savannah,Yendi,1987,129,4,0.400000000000011,0.5500000000000114
Guinea Savannah,Yendi,1988,59,4,1.0324236111111489,1.9565000000000228
Guinea Savannah,Yendi,1988,90,5,1.3802055555555621,1.6467499999999975
Guinea Savannah,Yendi,1990,88,10,1.6206994444444671,3.114800000000042
Guinea Savannah,Yendi,1992,118,3,0.47258333333335106,0.7088888888889132
Guinea Savannah,Yendi,1993,64,3,0.5260925925926175,1.063333333333352
Guinea Savannah,Yendi,1993,100,5,1.2195222222222384,2.0751111111111307
Guinea Savannah,Yendi,1994,69,6,0.4074805555555612,0.8766666666666652
Guinea Savannah,Yendi,1994,78,3,1.0494166666666727,1.5152777777777835
Guinea Savannah,Yendi,1994,84,10,0.5927305555555631,1.4895000000000136
Guinea Savannah,Yendi,1996,89,5,0.23433333333332912,0.5216666666666683
Guinea Savannah,Yendi,1997,76,7,1.9537111111111065,3.607205555555558
Guinea Savannah,Yendi,1998,32,9,3.914267283950621,7.997488888888906
Guinea Savannah,Yendi,1998,72,4,1.208180555555549,2.6901111111111082
Guinea Savannah,Yendi,1998,80,22,1.978018939393938,3.9828611111111143
Guinea Savannah,Yendi,1998,105,4,0.2958333333333325,0.6499999999999986
Guinea Savannah,Yendi,1998,116,3,0.40555555555555384,0.4833333333333343
Guinea Savannah,Yendi,1999,78,9,0.9188734567900987,1.9052222222221835
Guinea Savannah,Yendi,1999,102,3,0.1944444444444334,0.36666666666665293
Guinea Savannah,Yendi,2000,92,4,0.4382013888888759,0.8648888888888785
Guinea Savannah,Yendi,2001,63,4,1.678472222222197,2.69999999999998
Guinea Savannah,Yendi,2001,74,17,0.6537192810457416,1.4816222222222257
Guinea Savannah,Yendi,2001,99,5,1.933734444444434,2.957999999999991
Guinea Savannah,Yendi,2002,91,3,0.5256365740740632,0.8197708333333221
Guinea Savannah,Yendi,2003,77,3,0.46449259259258086,0.7194611111110983
Guinea Savannah,Yendi,2003,85,9,0.4130566975308564,0.9481452777777697
Guinea Savannah,Yendi,2004,82,10,2.701688888888879,5.227638888888866
Guinea Savannah,Yendi,2005,66,6,1.300268518518519,2.566666666666677
Guinea Savannah,Yendi,2005,77,4,0.2333333333333325,0.28333333333333144
Guinea Savannah,Yendi,2005,97,3,0.6806759259259282,0.8480555555555606
Guinea Savannah,Yendi,2006,58,3,0.413296296296298,0.46452777777778076
Guinea Savannah,Yendi,2006,80,8,0.4973940972222238,0.9419583333333315
Guinea Savannah,Yendi,2006,89,10,0.41629791666667,0.7546458333333326
Guinea Savannah,Yendi,2007,26,20,2.846847916666667,4.9404561111111125
Guinea Savannah,Yendi,2007,49,46,2.1763173188405767,6.5746166666666355
Guinea Savannah,Yendi,2007,100,8,0.563749999999998,1.1683333333333294
Guinea Savannah,Yendi,2008,64,5,0.9215172222222188,1.2345000000000024
Guinea Savannah,Yendi,2008,111,3,0.5905555555555576,1.0777777777777904
Guinea Savannah,Yendi,2009,55,16,0.7528590277777871,1.9217777777778071
Guinea Savannah,Yendi,2009,74,3,0.45000000000000284,0.6166666666666671
Guinea Savannah,Yendi,2009,82,6,0.6947546296296293,1.4351944444444409
Guinea Savannah,Yendi,2010,49,20,1.2439961111111273,2.8309888888889123
Guinea Savannah,Yendi,2010,88,8,1.144756944444454,1.9045000000000107
Guinea Savannah,Yendi,2012,80,13,0.7403547008546957,1.4799999999999829
Guinea Savannah,Yendi,2013,17,15,2.1598426851851857,4.684960000000012
Guinea Savannah,Yendi,2013,37,49,2.050190079365077,5.161668055555551
Guinea Savannah,Yendi,2014,26,5,0.8022521111111212,1.473105555555575
Guinea Savannah,Yendi,2014,37,24,1.7787537037037238,3.9782844444444683
Guinea Savannah,Yendi,2014,63,21,2.546974947089965,5.313892222222251
Guinea Savannah,Yendi,2014,85,5,1.4193333333333384,1.6233333333333348
Guinea Savannah,Yendi,2014,93,5,1.6253333333333444,1.9766666666666808
Guinea Savannah,Yendi,2014,106,6,0.7602777777777874,1.1216666666666768
Guinea Savannah,Yendi,2015,24,4,0.875735694444488,1.338882222222273
Guinea Savannah,Yendi,2015,31,21,4.303192870370432,8.145915555555616
Guinea Savannah,Yendi,2015,62,17,2.7150486601307544,7.254569444444498
Guinea Savannah,Yendi,2015,80,4,0.9758333333333464,1.131666666666682
Guinea Savannah,Yendi,2015,89,14,0.9284865476190596,1.9921450000000163
Guinea Savannah,Yendi,2015,107,18,3.962257638888931,9.553405555555603
Guinea Savannah,Yendi,2015,128,7,0.46785714285715685,0.7616666666666845
Guinea Savannah,Yendi,2016,37,3,0.2059877777778085,0.40296666666670733
Guinea Savannah,Yendi,2016,46,28,5.218952658730233,12.90616111111127
Guinea Savannah,Yendi,2016,76,3,0.17055555555557333,0.3683333333333536
Guinea Savannah,Yendi,2016,80,16,1.5310544097222485,3.9284655555556633
Guinea Savannah,Yendi,2016,97,3,0.28555555555557294,0.6850000000000165
Guinea Savannah,Yendi,2016,102,28,1.7257925496032118,5.12882333333344
Guinea Savannah,Yendi,2016,131,6,0.477777777777798,0.7700000000000173
Guinea Savannah,Yendi,2017,56,3,1.156472222222264,1.6555000000000517
Guinea Savannah,Yendi,2017,62,6,1.7826805555555945,2.853083333333387
Guinea Savannah,Yendi,2017,69,12,0.8360416666666916,2.2855555555555895
Guinea Savannah,Yendi,2017,85,8,2.1918854166667066,3.6388888888889603
Guinea Savannah,Yendi,2017,103,9,1.134231481481498,1.5839166666666884
Guinea Savannah,Yendi,2018,91,4,0.7819583333333566,1.1606388888889203
Guinea Savannah,Yendi,2019,65,3,1.2639629629629938,2.4696666666667113
Guinea Savannah,Yendi,2019,79,12,0.6719328703703868,1.624750000000017
Guinea Savannah,Yendi,2019,92,10,0.5814777777777886,1.5981111111111324
Guinea Savannah,Yendi,2019,106,7,0.8485158730158872,1.5229444444444746
Guinea Savannah,Yendi,2021,61,10,1.326680555555575,3.490777777777805
Guinea Savannah,Yendi,2021,81,5,0.7550000000000157,1.2394444444444601
Guinea Savannah,Yendi,2021,87,23,1.6421763285024353,5.2992500000000415
Guinea Savannah,Yendi,2022,56,3,1.7856333333333516,2.556222222222243
Guinea Savannah,Yendi,2022,69,4,2.4388226388889023,4.919516666666706
Guinea Savannah,Kete_Krachi,1961,54,6,1.2598425925926018,1.9777777777777983
Guinea Savannah,Kete_Krachi,1961,74,12,0.5029645833333348,1.309000000000003
Guinea Savannah,Kete_Krachi,1961,87,3,0.28333333333333616,0.3333333333333357
Guinea Savannah,Kete_Krachi,1962,55,6,0.8224407407407432,1.1792000000000047
Guinea Savannah,Kete_Krachi,1964,50,8,0.6586874999999992,1.11368888888889
Guinea Savannah,Kete_Krachi,1964,69,3,0.14668333333333353,0.24999999999999645
Guinea Savannah,Kete_Krachi,1970,90,3,0.11030555555555721,0.20675000000000301
Guinea Savannah,Kete_Krachi,1973,47,3,0.5714574074074157,1.1285250000000164
Guinea Savannah,Kete_Krachi,1973,71,3,0.33250000000000335,0.7113333333333387
Guinea Savannah,Kete_Krachi,1973,76,4,0.3088750000000039,0.7310000000000058
Guinea Savannah,Kete_Krachi,1977,76,3,0.3512962962963005,0.4742222222222266
Guinea Savannah,Kete_Krachi,1977,102,3,0.08888888888889095,0.18333333333333357
Guinea Savannah,Kete_Krachi,1979,76,4,0.7279027777777839,1.048666666666666
Guinea Savannah,Kete_Krachi,1981,103,3,0.1617870370370404,0.34161111111111087
Guinea Savannah,Kete_Krachi,1983,47,6,1.0890648148148203,2.108333333333351
Guinea Savannah,Kete_Krachi,1983,75,14,1.270045634920637,2.211611111111107
Guinea Savannah,Kete_Krachi,1983,115,3,0.038888888888891415,0.10000000000000142
Guinea Savannah,Kete_Krachi,1984,65,3,0.3483148148148167,0.570500000000002
Guinea Savannah,Kete_Krachi,1985,70,3,1.3843333333333294,2.0418055555555497
Guinea Savannah,Kete_Krachi,1987,99,7,0.5395595238095221,1.0349166666666685
Guinea Savannah,Kete_Krachi,1987,114,10,0.4157388888888853,1.150138888888879
Guinea Savannah,Kete_Krachi,1988,55,8,1.0889097222222128,1.975722222222194
Guinea Savannah,Kete_Krachi,1988,70,3,0.18888888888888525,0.2833333333333279
Guinea Savannah,Kete_Krachi,1988,90,5,0.509999999999998,0.6499999999999986
Guinea Savannah,Kete_Krachi,1988,130,3,0.17391666666666306,0.341333333333326
Guinea Savannah,Kete_Krachi,1990,76,22,1.1978421717171654,3.4620833333333305
Guinea Savannah,Kete_Krachi,1992,69,10,0.8767249999999958,1.3137499999999989
Guinea Savannah,Kete_Krachi,1994,77,3,0.1999999999999993,0.26666666666666927
Guinea Savannah,Kete_Krachi,1994,84,10,0.5308611111111083,1.0419444444444386
Guinea Savannah,Kete_Krachi,1995,67,4,0.5916111111111026,1.1888888888888787
Guinea Savannah,Kete_Krachi,1995,87,6,0.4801157407407368,1.0140277777777678
Guinea Savannah,Kete_Krachi,1996,91,4,0.3923888888888874,0.7528888888888903
Guinea Savannah,Kete_Krachi,1997,58,3,0.9514490740740748,1.1960055555555436
Guinea Savannah,Kete_Krachi,1997,69,4,0.5613833333333231,1.058633333333318
Guinea Savannah,Kete_Krachi,1997,76,3,0.15544074074073802,0.2692249999999949
Guinea Savannah,Kete_Krachi,1998,34,9,2.743499999999985,3.9104999999999928
Guinea Savannah,Kete_Krachi,1998,60,5,0.82757777777777,1.3571666666666553
Guinea Savannah,Kete_Krachi,1998,70,39,1.855544871794865,6.396444444444431
Guinea Savannah,Kete_Krachi,1999,67,3,0.2904444444444372,0.34138888888888325
Guinea Savannah,Kete_Krachi,1999,88,4,0.16249999999999343,0.34999999999999076
Guinea Savannah,Kete_Krachi,1999,102,3,0.2888333333333272,0.6331666666666546
Guinea Savannah,Kete_Krachi,2000,65,5,0.3414277777777658,0.9449999999999927
Guinea Savannah,Kete_Krachi,2000,76,4,0.7373124999999878,1.1383055555555432
Guinea Savannah,Kete_Krachi,2001,58,3,0.7281851851851666,1.113777777777752
Guinea Savannah,Kete_Krachi,2001,72,3,0.5390092592592454,1.030999999999976
Guinea Savannah,Kete_Krachi,2001,78,5,0.3199999999999932,0.583333333333325
Guinea Savannah,Kete_Krachi,2001,86,7,0.48809523809523575,0.7833333333333314
Guinea Savannah,Kete_Krachi,2001,99,4,0.34166666666666146,0.49999999999999645
Guinea Savannah,Kete_Krachi,2002,53,4,0.7861388888888765,1.316638888888864
Guinea Savannah,Kete_Krachi,2002,60,7,0.805440476190471,2.0302222222222066
Guinea Savannah,Kete_Krachi,2002,73,6,0.23611111111110658,0.46666666666666146
Guinea Savannah,Kete_Krachi,2002,80,3,0.1777777777777748,0.2833333333333279
Guinea Savannah,Kete_Krachi,2002,91,4,0.20000000000000018,0.38333333333333286
Guinea Savannah,Kete_Krachi,2003,42,4,0.8997986111110985,1.3484999999999732
Guinea Savannah,Kete_Krachi,2003,62,3,0.14999999999999739,0.19999999999999574
Guinea Savannah,Kete_Krachi,2003,68,7,0.6630753968253943,1.2340833333333336
Guinea Savannah,Kete_Krachi,2003,77,4,1.2194583333333302,3.2444999999999986
Guinea Savannah,Kete_Krachi,2003,85,4,0.19583333333332842,0.3166666666666593
Guinea Savannah,Kete_Krachi,2004,85,7,0.5207579365079292,0.7589999999999867
Guinea Savannah,Kete_Krachi,2005,50,7,1.122382539682533,1.897777777777773
Guinea Savannah,Kete_Krachi,2005,60,3,0.22222222222221788,0.44999999999999574
Guinea Savannah,Kete_Krachi,2005,98,6,0.35833333333332895,0.46666666666666146
Guinea Savannah,Kete_Krachi,2006,98,12,0.5309745370370335,1.410138888888886
Guinea Savannah,Kete_Krachi,2007,51,4,0.7277805555555407,1.3422944444444136
Guinea Savannah,Kete_Krachi,2007,67,3,0.3125648148148073,0.40441666666666093
Guinea Savannah,Kete_Krachi,2008,88,4,0.13218055555554498,0.24538888888887683
Guinea Savannah,Kete_Krachi,2009,65,3,0.13938888888887882,0.2624999999999914
Guinea Savannah,Kete_Krachi,2010,49,21,1.6807513227513022,3.285999999999964
Guinea Savannah,Kete_Krachi,2010,72,3,0.29999999999999005,0.7333333333333201
Guinea Savannah,Kete_Krachi,2010,85,22,0.8722929292929188,1.4307777777777635
Guinea Savannah,Kete_Krachi,2011,66,3,0.48614814814813734,0.7233333333333195
Guinea Savannah,Kete_Krachi,2011,71,4,0.2749999999999897,0.4666666666666579
Guinea Savannah,Kete_Krachi,2011,78,3,0.1666666666666584,0.23333333333332362
Guinea Savannah,Kete_Krachi,2011,89,4,0.24999999999998845,0.3833333333333222
Guinea Savannah,Kete_Krachi,2011,96,7,0.24999999999998831,0.6166666666666529
Guinea Savannah,Kete_Krachi,2011,111,4,0.2833333333333181,0.4833333333333165
Guinea Savannah,Kete_Krachi,2012,77,10,1.1359972222221937,1.9839166666666308
Guinea Savannah,Kete_Krachi,2012,89,4,0.3666666666666547,0.5166666666666551
Guinea Savannah,Kete_Krachi,2013,55,9,0.998111111111084,2.081555555555518
Guinea Savannah,Kete_Krachi,2013,79,3,0.43888888888887817,0.54999999999999
Guinea Savannah,Kete_Krachi,2014,69,7,0.5693611111110868,0.831111111111084
Guinea Savannah,Kete_Krachi,2015,69,4,0.4372222222222045,1.066999999999969
Guinea Savannah,Kete_Krachi,2015,112,3,0.13467592592590671,0.278611111111087
Guinea Savannah,Kete_Krachi,2016,49,12,3.448164351851798,5.85083333333327
Guinea Savannah,Kete_Krachi,2016,65,9,1.010401234567885,2.2294999999999687
Guinea Savannah,Kete_Krachi,2016,77,9,0.44444444444443654,0.7499999999999929
Guinea Savannah,Kete_Krachi,2016,87,6,1.1257361111110986,1.5877499999999705
Guinea Savannah,Kete_Krachi,2017,62,22,1.0382222222222062,3.1527222222221867
Guinea Savannah,Kete_Krachi,2017,86,7,0.9751309523809447,1.6759166666666423
Guinea Savannah,Kete_Krachi,2017,103,3,0.6499999999999903,0.6833333333333229
Guinea Savannah,Kete_Krachi,2018,37,9,1.0902839506172601,2.4929999999999697
Guinea Savannah,Kete_Krachi,2019,47,3,0.24961111111110343,0.3154999999999909
Guinea Savannah,Kete_Krachi,2019,54,3,0.23777777777776957,0.4299999999999915
Guinea Savannah,Kete_Krachi,2019,71,3,0.2611111111110998,0.3333333333333215
Guinea Savannah,Kete_Krachi,2019,87,9,0.3722222222222129,0.6999999999999886
Guinea Savannah,Kete_Krachi,2020,48,16,1.8434739583333015,4.129777777777704
Guinea Savannah,Kete_Krachi,2020,70,4,0.43749999999998934,0.9166666666666572
Guinea Savannah,Kete_Krachi,2020,78,5,0.2766666666666538,0.5833333333333215
Guinea Savannah,Kete_Krachi,2020,105,6,1.0484999999999776,2.3035555555555254
Transition,Sunyani,1961,54,5,3.2890294444444477,4.973530555555543
Transition,Sunyani,1961,73,6,0.9448134259259294,2.0026638888888946
Transition,Sunyani,1962,48,10,1.087120861111114,2.8737555555555643
Transition,Sunyani,1962,62,6,1.1009050925925925,1.5680833333333342
Transition,Sunyani,1962,75,3,0.47777777777778024,0.56666666666667
Transition,Sunyani,1962,89,3,0.29277777777777914,0.5450000000000053
Transition,Sunyani,1962,95,5,0.41462888888889077,0.7500000000000036
Transition,Sunyani,1964,50,4,0.5877916666666698,0.8423972222222275
Transition,Sunyani,1973,59,5,1.6621111111111175,2.7626666666666835
Transition,Sunyani,1973,71,5,2.654706666666671,5.343022222222233
Transition,Sunyani,1977,70,7,0.496329365079367,1.1044444444444461
Transition,Sunyani,1977,79,3,0.3595092592592605,0.7993333333333342
Transition,Sunyani,1977,87,3,0.09444444444444618,0.18333333333333357
Transition,Sunyani,1979,100,8,0.3566076388888908,1.0344444444444458
Transition,Sunyani,1981,57,6,1.3070805555555638,1.88275
Transition,Sunyani,1983,46,5,2.539316666666669,4.365805555555547
Transition,Sunyani,1983,55,4,1.05850000000001,2.294250000000021
Transition,Sunyani,1983,61,11,0.4627651515151531,0.8962499999999933
Transition,Sunyani,1983,73,20,1.554244444444445,4.881666666666644
Transition,Sunyani,1983,96,4,0.40416666666666856,0.8500000000000014
Transition,Sunyani,1983,105,3,0.18333333333333476,0.31666666666667
Transition,Sunyani,1984,47,5,2.2725833333333414,3.5774277777777796
Transition,Sunyani,1984,53,5,1.0108666666666697,1.515800000000012
Transition,Sunyani,1984,62,6,0.16433333333333497,0.5293333333333364
Transition,Sunyani,1984,90,3,0.1824629629629638,0.25666666666666677
Transition,Sunyani,1985,56,4,0.27388888888889396,0.6552361111111195
Transition,Sunyani,1987,130,3,0.13333333333333522,0.26666666666666927
Transition,Sunyani,1988,35,6,2.272722222222218,3.9103888888888716
Transition,Sunyani,1988,48,13,1.861044871794875,2.929166666666682
Transition,Sunyani,1989,57,4,2.3535833333333285,3.893333333333323
Transition,Sunyani,1990,66,5,0.3627388888888888,0.5328888888888945
Transition,Sunyani,1990,76,16,1.3445763888888886,3.1815000000000015
Transition,Sunyani,1992,53,4,1.3420972222222194,2.233805555555544
Transition,Sunyani,1992,70,8,0.5021805555555581,0.9174444444444521
Transition,Sunyani,1993,38,3,0.49041944444445545,0.785127777777793
Transition,Sunyani,1994,52,10,1.0507888888888917,2.629055555555547
Transition,Sunyani,1994,66,4,0.62565277777778,1.4336111111111152
Transition,Sunyani,1994,72,3,0.18888888888889235,0.31666666666667
Transition,Sunyani,1994,78,3,0.9935555555555551,1.2639999999999965
Transition,Sunyani,1995,50,9,1.155632716049384,2.5806388888888963
Transition,Sunyani,1997,53,13,1.1711891025641068,2.625527777777784
Transition,Sunyani,1997,67,12,1.6998900462963003,2.8430555555555723
Transition,Sunyani,1998,28,4,1.862744444444456,2.9612555555555753
Transition,Sunyani,1998,36,7,0.9073896825396865,2.106897222222221
Transition,Sunyani,1998,52,3,0.055555555555557135,0.13333333333333286
Transition,Sunyani,1998,58,35,2.1792174603174623,5.958333333333323
Transition,Sunyani,1998,94,3,0.1555555555555562,0.216666666666665
Transition,Sunyani,1998,107,3,0.32777777777778044,0.6333333333333364
Transition,Sunyani,2000,53,5,1.031761111111117,1.6908333333333476
Transition,Sunyani,2000,62,18,2.500837962962964,5.241749999999995
Transition,Sunyani,2001,52,19,1.2236929824561438,2.7216666666666596
Transition,Sunyani,2002,47,11,1.4745050505050472,3.168333333333315
Transition,Sunyani,2003,35,7,1.4718484126984108,2.018611111111104
Transition,Sunyani,2003,66,4,0.3625000000000016,0.6166666666666671
Transition,Sunyani,2003,76,4,0.606381944444448,0.9946666666666768
Transition,Sunyani,2003,85,4,0.3374999999999986,0.49999999999999645
Transition,Sunyani,2004,44,4,0.79913888888889,1.5403888888888864
Transition,Sunyani,2004,55,3,1.4561296296296347,1.835888888888889
Transition,Sunyani,2004,73,9,0.5406820987654336,1.7045555555555671
Transition,Sunyani,2005,46,3,0.0612388888888921,0.11511111111111473
Transition,Sunyani,2005,54,6,0.407138888888891,1.0261666666666678
Transition,Sunyani,2005,76,3,0.18888888888889,0.23333333333333783
Transition,Sunyani,2005,88,4,0.26705555555555693,0.5348888888888855
Transition,Sunyani,2006,55,3,0.23519444444444826,0.47975000000000523
Transition,Sunyani,2007,30,6,1.1947222222222258,1.7625000000000053
Transition,Sunyani,2007,59,16,0.9045104166666678,2.5060833333333297
Transition,Sunyani,2010,56,3,0.22222222222222263,0.3333333333333357
Transition,Sunyani,2010,61,4,0.1166666666666698,0.23333333333333783
Transition,Sunyani,2012,82,4,1.727388888888892,2.6656666666666724
Transition,Sunyani,2013,24,4,0.7262527777777816,1.1731416666666707
Transition,Sunyani,2013,38,20,0.9781162500000027,2.1116666666666757
Transition,Sunyani,2015,32,5,1.1242444444444524,2.4546111111111206
Transition,Sunyani,2015,40,3,0.5312129629629667,0.5647222222222287
Transition,Sunyani,2015,66,6,0.68618518518519,1.5865000000000156
Transition,Sunyani,2016,46,28,3.3483273809523846,8.19888888888891
Transition,Sunyani,2016,115,5,1.0381166666666706,2.123333333333334
Transition,Sunyani,2016,121,8,0.5615972222222232,1.1800000000000082
Transition,Sunyani,2017,21,3,0.9768148148148169,1.7009999999999956
Transition,Sunyani,2017,30,20,1.0017916666666684,2.4892222222222196
Transition,Sunyani,2017,52,5,0.8433666666666678,1.7834999999999945
Transition,Sunyani,2017,61,19,0.48859649122807136,1.0000000000000036
Transition,Sunyani,2017,87,5,0.3666666666666686,0.6500000000000021
Transition,Sunyani,2017,103,4,0.9744375000000021,1.5032500000000029
Transition,Sunyani,2018,33,19,2.3526622807017588,5.106000000000009
Transition,Sunyani,2019,13,5,0.6608000000000038,1.1969444444444504
Transition,Sunyani,2019,30,3,0.7128333333333376,1.24000000000001
Transition,Sunyani,2019,47,14,0.6083095238095241,1.2313888888888906
Transition,Sunyani,2019,63,6,1.660356481481484,3.021000000000006
Transition,Sunyani,2019,71,5,0.6466666666666697,0.9833333333333378
Transition,Sunyani,2019,84,6,0.5888888888888891,1.1166666666666671
Transition,Sunyani,2020,42,3,0.6515092592592591,1.1744444444444466
Transition,Sunyani,2020,48,23,3.6607548309178735,7.313416666666651
Transition,Sunyani,2020,72,11,0.9424242424242437,1.3833333333333329
Transition,Sunyani,2021,36,8,1.437711805555555,2.576000000000003
Transition,Sunyani,2021,57,8,0.4276423611111118,1.2316666666666576
Transition,Sunyani,2021,92,5,0.3264500000000014,0.6540000000000027
Transition,Sunyani,2021,103,3,0.10662037037037236,0.18666666666666815
Transition,Sunyani,2022,37,7,0.5527674603174628,1.1045333333333376
Transition,Sunyani,2022,52,8,1.1915611458333364,2.6893333333333422
Transition,Wenchi,1961,54,5,2.4402333333333317,3.7356944444444413
Transition,Wenchi,1961,67,3,0.7155185185185188,1.2534166666666602
Transition,Wenchi,1961,71,9,0.6262407407407405,1.324583333333327
Transition,Wenchi,1964,50,3,0.8979259259259247,1.6584444444444433
Transition,Wenchi,1973,59,5,1.2800000000000005,2.305583333333341
Transition,Wenchi,1973,71,4,2.3935486111111106,4.122416666666673
Transition,Wenchi,1977,68,14,0.5306289682539692,1.1896111111111105
Transition,Wenchi,1979,68,3,0.317175925925928,0.4280000000000043
Transition,Wenchi,1981,57,7,1.037924603174608,1.9800000000000169
Transition,Wenchi,1982,68,3,0.27999074074074115,0.35166666666666413
Transition,Wenchi,1983,40,4,0.8420763888888912,1.2826388888888784
Transition,Wenchi,1983,47,4,3.6377361111111206,5.450861111111112
Transition,Wenchi,1983,55,4,1.5974791666666692,3.2190277777777814
Transition,Wenchi,1983,63,29,1.3084204980842926,4.2182500000000065
Transition,Wenchi,1983,96,6,0.5222222222222227,0.8999999999999986
Transition,Wenchi,1983,105,3,0.43888888888889,0.5166666666666693
Transition,Wenchi,1984,47,11,1.507651515151519,2.392361111111109
Transition,Wenchi,1986,43,3,0.4655370370370371,0.6986666666666635
Transition,Wenchi,1986,53,3,0.09749074074074177,0.16174999999999845
Transition,Wenchi,1987,61,8,0.7585034722222241,1.1039999999999996
Transition,Wenchi,1987,101,5,0.628538888888891,0.886916666666677
Transition,Wenchi,1987,115,8,0.8415069444444472,1.9652500000000008
Transition,Wenchi,1988,35,6,0.9040185185185208,1.9555555555555464
Transition,Wenchi,1988,48,13,1.3290769230769224,2.203222222222225
Transition,Wenchi,1989,57,5,1.7123611111111123,3.4327777777777824
Transition,Wenchi,1989,63,4,0.5076666666666658,1.133166666666661
Transition,Wenchi,1990,64,33,1.273385521885521,3.486611111111098
Transition,Wenchi,1992,53,4,1.224611111111112,1.791666666666663
Transition,Wenchi,1992,74,5,0.2633333333333347,0.5
Transition,Wenchi,1992,90,3,0.42861111111111544,0.7858333333333392
Transition,Wenchi,1995,50,4,0.5388194444444476,1.5933888888888927
Transition,Wenchi,1995,55,5,0.6362611111111113,0.8983333333333385
Transition,Wenchi,1995,64,4,0.521465277777778,1.1704166666666653
Transition,Wenchi,1995,86,5,0.27207777777777803,0.7103888888888881
Transition,Wenchi,1997,52,29,0.8883668582375489,2.634777777777781
Transition,Wenchi,1998,35,8,2.6336979166666667,4.757638888888877
Transition,Wenchi,1998,52,45,2.130935185185185,5.80416666666663
Transition,Wenchi,1998,101,3,0.37222222222222,0.5666666666666629
Transition,Wenchi,1999,57,3,1.3574814814814895,2.4406666666666785
Transition,Wenchi,2002,47,8,0.7240416666666667,1.3444444444444394
Transition,Wenchi,2002,72,4,0.34166666666666856,0.4833333333333343
Transition,Wenchi,2003,35,9,1.0599228395061744,1.8003888888888973
Transition,Wenchi,2003,75,6,0.5970879629629647,1.6044722222222212
Transition,Wenchi,2004,44,6,0.5153518518518531,1.2475000000000005
Transition,Wenchi,2004,54,5,1.1979500000000045,2.0187500000000096
Transition,Wenchi,2004,72,5,0.3553166666666684,0.8006388888888887
Transition,Wenchi,2004,80,3,0.8327500000000013,1.1528055555555587
Transition,Wenchi,2004,85,3,0.22222222222222263,0.31666666666666643
Transition,Wenchi,2005,75,4,0.3924999999999995,0.6026666666666621
Transition,Wenchi,2006,56,3,0.10807407407407486,0.16333333333333247
Transition,Wenchi,2007,30,3,0.5581574074074068,1.1366666666666614
Transition,Wenchi,2007,59,18,0.9650817901234581,3.427916666666663
Transition,Wenchi,2007,79,3,0.5555555555555571,1.0500000000000007
Transition,Wenchi,2008,55,4,0.3263958333333345,0.6072222222222197
Transition,Wenchi,2008,61,9,0.4231481481481478,0.6666666666666643
Transition,Wenchi,2009,41,4,0.2300277777777774,0.6299999999999975
Transition,Wenchi,2009,53,6,0.36100462962963137,0.7663888888888932
Transition,Wenchi,2009,62,9,0.2629629629629642,0.5333333333333314
Transition,Wenchi,2010,25,21,0.8100793650793663,2.468722222222222
Transition,Wenchi,2010,48,5,0.706666666666667,1.0500000000000007
Transition,Wenchi,2010,56,13,0.729487179487182,1.1833333333333371
Transition,Wenchi,2010,83,13,0.75430341880342,1.6559444444444442
Transition,Wenchi,2010,104,3,0.2055555555555557,0.25
Transition,Wenchi,2011,40,4,0.5154166666666681,1.0151111111111157
Transition,Wenchi,2011,51,3,0.8076944444444463,1.1556944444444441
Transition,Wenchi,2011,67,3,0.3444444444444474,0.4166666666666714
Transition,Wenchi,2011,90,4,0.08333333333333215,0.11666666666666714
Transition,Wenchi,2011,97,3,1.086787037037038,1.532444444444445
Transition,Wenchi,2012,26,12,1.4185296064814847,2.6489258333333345
Transition,Wenchi,2012,42,10,1.5418558888888891,2.6255624999999996
Transition,Wenchi,2012,57,7,0.39190476190476276,0.6983333333333306
Transition,Wenchi,2012,73,20,2.616182319444448,5.841983333333338
Transition,Wenchi,2013,44,4,0.06862500000000163,0.12327777777777849
Transition,Wenchi,2013,49,4,0.2860069444444446,0.7106944444444412
Transition,Wenchi,2013,55,3,0.6250648148148213,0.8353333333333447
Transition,Wenchi,2014,51,7,0.1880119047619082,0.302222222222226
Transition,Wenchi,2014,68,3,0.2757777777777825,0.5440000000000089
Transition,Wenchi,2015,66,6,0.6987777777777829,1.0838333333333472
Transition,Wenchi,2016,47,14,2.253621031746038,4.152000000000002
Transition,Wenchi,2016,66,4,0.4666666666666677,0.783333333333335
Transition,Wenchi,2017,43,6,0.6069675925925935,0.9515000000000015
Transition,Wenchi,2017,54,3,0.33750000000000097,0.5791666666666657
Transition,Wenchi,2017,87,3,1.0086203703703662,1.4965277777777686
Transition,Wenchi,2017,103,7,0.9313452380952387,1.9311111111111132
Transition,Wenchi,2018,34,9,2.6282037037037056,3.961388888888901
Transition,Wenchi,2018,44,13,1.4184594017094052,3.6406666666666854
Transition,Wenchi,2019,48,12,1.0161689814814818,1.7691666666666699
Transition,Wenchi,2019,63,6,0.8849444444444465,1.5541666666666698
Transition,Wenchi,2019,73,4,0.8166666666666673,1.1333333333333329
Transition,Wenchi,2019,84,7,0.7619047619047615,1.299999999999999
Transition,Wenchi,2020,42,28,1.8306001984126978,4.585222222222213
Transition,Wenchi,2020,73,5,0.4633333333333347,0.6499999999999986
Transition,Wenchi,2020,89,3,0.14999999999999977,0.25
Transition,Wenchi,2020,95,3,0.2388888888888907,0.5
Transition,Wenchi,2020,128,4,0.1628611111111095,0.3156666666666585
Transition,Wenchi,2021,38,6,0.7013750000000022,1.607666666666663
Transition,Wenchi,2021,60,9,0.9718364197530871,2.62966666666666
Transition,Wenchi,2021,91,4,0.2903472222222221,0.58177777777778
Transition,Wenchi,2021,104,3,0.4106759259259299,0.5609999999999998
Forest,Ho,1961,64,3,0.6636111111111117,1.2122222222222232
Forest,Ho,1964,50,5,0.7532666666666695,1.2353333333333347
Forest,Ho,1973,27,3,0.7513240740740758,1.2883333333333322
Forest,Ho,1973,35,15,0.602537037037037,1.4643333333333288
Forest,Ho,1973,57,5,0.2633333333333354,0.40000000000000213
Forest,Ho,1973,69,4,0.9687222222222236,1.781777777777781
Forest,Ho,1973,92,3,0.4544444444444437,0.7966666666666683
Forest,Ho,1977,68,5,0.11995000000000126,0.2307500000000023
Forest,Ho,1977,74,7,0.42033333333333395,0.7460000000000011
Forest,Ho,1977,93,4,0.2375000000000016,0.40000000000000213
Forest,Ho,1982,36,3,1.2884259259259265,1.7044444444444486
Forest,Ho,1983,38,14,1.1346666666666654,1.8791111111111103
Forest,Ho,1983,53,38,1.2941345029239757,2.7625000000000064
Forest,Ho,1983,96,5,0.8333333333333328,1.25
Forest,Ho,1983,104,6,0.2722222222222239,0.5166666666666693
Forest,Ho,1983,113,3,0.07222222222222403,0.1333333333333364
Forest,Ho,1984,44,14,0.595281746031744,1.3192222222222205
Forest,Ho,1986,32,4,1.1009652777777739,1.7060555555555559
Forest,Ho,1987,39,4,0.4718124999999983,0.9573888888888806
Forest,Ho,1987,62,6,0.5678907407407402,0.923811111111108
Forest,Ho,1988,50,10,0.8397222222222226,1.201388888888887
Forest,Ho,1988,92,3,0.31965740740740656,0.4371111111111132
Forest,Ho,1989,56,4,0.27031250000000306,0.47980555555556154
Forest,Ho,1989,62,3,0.4694629629629599,0.7667222222222178
Forest,Ho,1990,35,3,0.4478425925925929,0.79791666666667
Forest,Ho,1990,64,26,1.6836068376068367,2.816000000000017
Forest,Ho,1991,38,3,0.3662314814814782,0.6944722222222138
Forest,Ho,1992,32,3,1.337768518518513,1.7411111111111128
Forest,Ho,1992,45,18,1.0044444444444427,4.137333333333321
Forest,Ho,1992,66,8,0.4666666666666681,0.8000000000000007
Forest,Ho,1993,42,3,0.35304629629628925,0.5080833333333284
Forest,Ho,1994,67,3,0.18661111111111217,0.32650000000000223
Forest,Ho,1994,87,6,0.6027962962962967,1.5540833333333293
Forest,Ho,1995,31,3,0.9255185185185205,0.9296111111111123
Forest,Ho,1995,40,19,1.016100877192982,2.178000000000007
Forest,Ho,1996,32,3,0.36811574074073633,0.44023611111110433
Forest,Ho,1997,50,10,1.3908388888888914,1.9822222222222228
Forest,Ho,1997,68,4,0.1874999999999991,0.3833333333333364
Forest,Ho,1998,27,16,2.8332534722222222,5.984999999999993
Forest,Ho,1998,51,38,1.379248538011696,3.625277777777788
Forest,Ho,1998,96,8,0.7645833333333325,1.4666666666666686
Forest,Ho,1998,107,4,0.5166666666666675,0.6999999999999993
Forest,Ho,2000,51,8,0.6389722222222227,1.1687500000000015
Forest,Ho,2000,61,19,1.6492923976608185,2.7000555555555463
Forest,Ho,2001,50,7,0.8471507936507949,1.7780000000000016
Forest,Ho,2002,37,7,0.5801428571428568,1.5025833333333412
Forest,Ho,2002,48,8,0.31343750000000103,0.8843333333333314
Forest,Ho,2002,57,3,0.16111111111111143,0.21666666666666856
Forest,Ho,2002,62,6,0.47777777777777725,0.9333333333333336
Forest,Ho,2003,34,8,0.7075972222222237,1.4234444444444392
Forest,Ho,2003,49,5,0.49034444444444425,1.0834444444444422
Forest,Ho,2003,64,6,0.44722222222222224,0.75
Forest,Ho,2003,72,7,0.5214285714285707,0.8499999999999979
Forest,Ho,2003,90,3,0.4888888888888883,0.8000000000000007
Forest,Ho,2004,43,4,1.2228402777777734,1.8920833333333325
Forest,Ho,2004,49,9,0.49972222222222284,0.9333333333333365
Forest,Ho,2004,70,7,0.6829880952380974,1.2975833333333404
Forest,Ho,2005,44,13,1.3264465811965827,2.1675000000000004
Forest,Ho,2005,60,4,0.2916666666666652,0.46666666666666856
Forest,Ho,2005,65,5,0.6687500000000017,1.2937500000000046
Forest,Ho,2007,27,14,0.8910813492063492,2.0413333333333346
Forest,Ho,2007,49,3,0.28888888888888786,0.33333333333333215
Forest,Ho,2007,64,6,0.4583333333333339,0.6666666666666679
Forest,Ho,2007,71,4,0.8183611111111082,1.28516666666666
Forest,Ho,2007,81,3,0.1388888888888881,0.28333333333333144
Forest,Ho,2008,37,3,1.1268703703703704,1.5155555555555613
Forest,Ho,2008,43,14,1.0542698412698426,2.5891666666666646
Forest,Ho,2010,30,3,0.4087037037037035,0.7991666666666664
Forest,Ho,2010,35,4,0.44072916666667045,0.7425000000000017
Forest,Ho,2010,62,6,0.27500000000000097,0.4499999999999993
Forest,Ho,2010,84,4,0.2638888888888888,0.4222222222222258
Forest,Ho,2010,103,4,0.33754166666666646,0.5343333333333312
Forest,Ho,2011,27,4,0.9490694444444441,1.7391111111111066
Forest,Ho,2011,97,3,0.48422222222222255,0.8915555555555584
Forest,Ho,2012,74,5,0.4569333333333338,0.8267777777777819
Forest,Ho,2012,81,5,0.984438888888889,1.4739722222222196
Forest,Ho,2014,62,3,2.0984305555555607,2.808158333333354
Forest,Ho,2014,73,3,0.11892592592593343,0.27504166666667634
Forest,Ho,2015,61,3,0.7308333333333369,1.118888888888896
Forest,Ho,2016,12,8,0.8832916666666668,1.7546666666666697
Forest,Ho,2016,37,31,1.6660851254480298,6.436166666666685
Forest,Ho,2016,115,5,1.5243000000000027,2.953750000000004
Forest,Ho,2017,54,3,0.7557129629629623,1.3788055555555545
Forest,Ho,2018,33,17,1.14843954248366,2.216666666666665
Forest,Ho,2019,13,7,0.6056547619047634,1.0568888888888894
Forest,Ho,2019,24,6,0.19722222222222227,0.3833333333333364
Forest,Ho,2019,45,14,0.46309523809523867,0.8833333333333364
Forest,Ho,2019,64,3,0.5745185185185209,1.0568888888888948
Forest,Ho,2019,90,6,0.6638611111111101,1.1545833333333282
Forest,Ho,2019,108,6,0.5495092592592602,0.793222222222226
Forest,Ho,2019,127,3,0.25555555555555526,0.31666666666666643
Forest,Ho,2022,36,9,1.0534962962962995,2.0153333333333343
Forest,Ho,2022,54,6,0.6746200462963015,1.1451444444444479
Forest,Ho,2022,82,4,0.2875000000000014,0.6166666666666707
Forest,Kumasi,1973,71,3,2.7766481481481495,3.596611111111114
Forest,Kumasi,1983,47,3,0.7790000000000005,1.236555555555552
Forest,Kumasi,1983,67,23,0.739166666666666,1.693111111111109
Forest,Kumasi,1984,46,12,1.5247685185185207,3.786916666666667
Forest,Kumasi,1988,35,6,0.6410046296296285,1.341666666666662
Forest,Kumasi,1988,48,12,1.4380578703703686,2.8079999999999896
Forest,Kumasi,1988,90,3,0.4187870370370392,0.6951388888888922
Forest,Kumasi,1989,57,4,0.8963055555555544,2.1000000000000005
Forest,Kumasi,1989,62,4,0.8494097222222224,1.883388888888883
Forest,Kumasi,1990,65,6,1.1402407407407351,1.9564166666666722
Forest,Kumasi,1990,72,10,1.0465305555555529,2.771583333333321
Forest,Kumasi,1990,84,5,0.6600000000000008,0.9666666666666686
Forest,Kumasi,1992,31,5,0.48183888888888815,0.7183333333333226
Forest,Kumasi,1992,49,14,1.0845892857142854,3.5518055555555526
Forest,Kumasi,1992,76,3,0.15000000000000094,0.21666666666666856
Forest,Kumasi,1992,82,3,0.2888888888888867,0.36666666666666714
Forest,Kumasi,1994,58,3,0.6173611111111107,1.5354166666666693
Forest,Kumasi,1994,66,4,0.5571944444444465,1.20722222222223
Forest,Kumasi,1995,40,21,1.579683862433863,3.7202500000000143
Forest,Kumasi,1997,51,8,0.8134826388888851,1.3219999999999852
Forest,Kumasi,1997,66,13,0.627,1.7118888888888877
Forest,Kumasi,1998,37,5,0.59861111111111,0.8616666666666682
Forest,Kumasi,1998,52,3,0.6698333333333345,1.272499999999999
Forest,Kumasi,1998,57,7,1.2405277777777797,2.7486666666666726
Forest,Kumasi,1998,65,9,1.3031296296296273,2.856111111111116
Forest,Kumasi,1998,76,25,0.8442299999999995,2.880249999999991
Forest,Kumasi,1998,106,4,0.6458333333333313,1.2833333333333314
Forest,Kumasi,2000,51,6,0.7964120370370353,1.5178888888888888
Forest,Kumasi,2000,61,17,1.9868937908496724,3.304888888888894
Forest,Kumasi,2001,52,14,1.1867976190476177,2.1450000000000027
Forest,Kumasi,2002,37,8,1.369916666666667,2.0434444444444457
Forest,Kumasi,2002,46,4,0.7944236111111085,1.6479999999999921
Forest,Kumasi,2002,52,15,0.4288888888888875,1.0
Forest,Kumasi,2003,34,8,0.6843472222222238,1.513333333333338
Forest,Kumasi,2003,66,5,0.8606277777777779,1.7421388888888922
Forest,Kumasi,2003,74,6,1.0442175925925925,2.3096388888888817
Forest,Kumasi,2003,82,6,0.5344722222222216,0.8901666666666596
Forest,Kumasi,2004,55,3,1.6132129629629637,2.0976666666666612
Forest,Kumasi,2007,61,14,0.6753035714285716,1.7249999999999979
Forest,Kumasi,2010,25,3,0.6910277777777694,1.044083333333328
Forest,Kumasi,2010,31,3,0.4676388888888909,1.0840000000000014
Forest,Kumasi,2010,35,8,0.7982881944444412,1.904999999999991
Forest,Kumasi,2010,56,3,0.27777777777777973,0.41666666666666785
Forest,Kumasi,2010,83,6,0.5285648148148113,1.0733333333333281
Forest,Kumasi,2010,103,3,0.34999999999999903,0.43333333333333
Forest,Kumasi,2012,82,4,0.5969861111111111,1.1004444444444401
Forest,Kumasi,2013,22,3,1.2087870370370366,1.821111111111116
Forest,Kumasi,2013,37,4,0.474680555555553,1.0218055555555443
Forest,Kumasi,2013,42,16,0.8978871527777759,2.2844166666666545
Forest,Kumasi,2014,71,4,0.08622916666666591,0.13047222222222304
Forest,Kumasi,2014,96,4,0.37998611111111114,0.7291666666666679
Forest,Kumasi,2015,29,7,0.516313492063493,1.3363888888888993
Forest,Kumasi,2015,61,5,0.8346277777777761,1.2209166666666589
Forest,Kumasi,2015,68,4,0.7952986111111076,1.4064999999999959
Forest,Kumasi,2016,12,9,0.6705123456790116,1.2055555555555555
Forest,Kumasi,2016,39,5,0.5064000000000007,0.9733333333333429
Forest,Kumasi,2016,45,29,2.4353687739463616,7.161333333333319
Forest,Kumasi,2016,115,5,0.9360333333333353,1.4064999999999959
Forest,Kumasi,2017,36,21,0.6454444444444443,1.362111111111117
Forest,Kumasi,2017,68,4,0.3333333333333339,0.6333333333333364
Forest,Kumasi,2017,74,5,0.6566666666666663,0.966666666666665
Forest,Kumasi,2017,103,3,0.21111111111110858,0.5166666666666622
Forest,Kumasi,2018,32,22,1.6082133838383827,3.174333333333329
Forest,Kumasi,2019,13,6,0.6400046296296275,0.9151666666666639
Forest,Kumasi,2019,27,6,0.5711759259259257,1.0143333333333366
Forest,Kumasi,2019,47,14,0.7483253968253961,2.1350000000000064
Forest,Kumasi,2019,63,5,1.3244944444444458,2.3950000000000067
Forest,Kumasi,2019,71,5,0.7848999999999984,1.3411666666666633
Forest,Kumasi,2019,92,3,0.027777777777776198,0.03333333333333144
Forest,Kumasi,2019,323,3,0.4579444444444421,0.5659999999999946
Forest,Kumasi,2020,13,3,0.6517314814814826,0.8254166666666737
Forest,Kumasi,2020,18,9,0.8653209876543203,1.6181944444444376
Forest,Kumasi,2020,31,5,0.5803888888888882,1.3291666666666644
Forest,Kumasi,2020,38,3,0.24999999999999764,0.43333333333333357
Forest,Kumasi,2020,42,23,2.968962560386469,6.151250000000001
Forest,Kumasi,2020,73,10,0.41666666666666463,0.6333333333333329
Forest,Kumasi,2020,88,4,0.32083333333333375,0.5499999999999972
Forest,Kumasi,2020,95,6,0.40899999999999875,1.103999999999995
Forest,Kumasi,2021,24,3,1.7023888888888934,1.8448888888888892
Forest,Kumasi,2021,35,13,0.8595747863247865,1.863555555555559
Forest,Kumasi,2021,52,14,0.8063055555555543,2.136944444444444
Forest,Kumasi,2021,69,3,0.26666666666666333,0.5499999999999972
Forest,Kumasi,2021,92,10,0.6206999999999966,1.2869999999999946
Forest,Kumasi,2021,105,3,0.8241203703703713,1.6515277777777793
Forest,Kumasi,2021,148,4,0.13750000000000107,0.23333333333333428
Forest,Kumasi,2021,326,3,0.8548425925925928,0.9884999999999979
Forest,Kumasi,2021,341,4,0.3479652777777767,0.6105555555555535
Forest,Kumasi,2022,6,3,0.27999999999999997,0.49666666666666615
Forest,Kumasi,2022,36,8,1.317115868055553,3.3067666666666597
Forest,Kumasi,2022,56,3,2.131420833333341,3.900701388888901
Forest,Kumasi,2022,70,3,0.394444444444441,0.5499999999999972
Forest,Kumasi,2022,89,3,0.7425398148148098,1.1050638888888806
Forest,Akim_Oda,1962,44,5,0.3894693333333354,0.6298000000000021
Forest,Akim_Oda,1973,37,4,1.2634791666666736,2.3562222222222338
Forest,Akim_Oda,1973,71,3,0.6452592592592594,1.8841666666666628
Forest,Akim_Oda,1983,41,9,1.4752595679012415,2.4911333333333503
Forest,Akim_Oda,1983,54,4,1.11524236111111,2.292149999999992
Forest,Akim_Oda,1983,68,22,0.914486111111112,2.594027777777779
Forest,Akim_Oda,1983,96,4,0.5,0.6999999999999993
Forest,Akim_Oda,1983,106,3,0.22222222222222143,0.3500000000000014
Forest,Akim_Oda,1984,49,9,0.698411728395064,2.228666666666677
Forest,Akim_Oda,1988,35,5,0.4523944444444482,1.0516111111111095
Forest,Akim_Oda,1988,47,13,0.5238589743589769,1.36655555555556
Forest,Akim_Oda,1990,66,3,1.2987685185185196,1.405999999999996
Forest,Akim_Oda,1990,72,6,1.4639120370370395,2.649611111111121
Forest,Akim_Oda,1990,81,10,0.9610305555555563,1.6423888888888998
Forest,Akim_Oda,1992,52,15,1.3191574074074095,5.308722222222246
Forest,Akim_Oda,1992,71,8,0.612500000000002,1.0166666666666693
Forest,Akim_Oda,1993,52,4,0.3079791666666674,0.7458888888888843
Forest,Akim_Oda,1994,89,4,0.5025694444444446,0.7500277777777823
Forest,Akim_Oda,1995,40,20,0.8598469444444474,3.366794444444459
Forest,Akim_Oda,1996,55,3,0.5313981481481497,0.6832222222222216
Forest,Akim_Oda,1997,41,4,0.4945208333333355,0.6101111111111154
Forest,Akim_Oda,1997,50,9,1.1195493827160512,2.118611111111104
Forest,Akim_Oda,1997,67,6,1.284148148148151,2.150833333333344
Forest,Akim_Oda,1998,33,9,1.8230679012345743,3.6570833333333335
Forest,Akim_Oda,1998,52,13,0.49300854700854807,0.9499999999999993
Forest,Akim_Oda,1998,66,45,0.835893209876545,3.0049166666666736
Forest,Akim_Oda,1998,112,9,0.5370370370370389,1.0833333333333357
Forest,Akim_Oda,1999,53,6,0.94303240740741,1.3437499999999944
Forest,Akim_Oda,1999,101,6,0.8084537037037075,1.566444444444446
Forest,Akim_Oda,2000,48,9,0.7238580246913635,1.5933055555555564
Forest,Akim_Oda,2000,62,16,1.7016093750000008,3.2326388888888955
Forest,Akim_Oda,2000,118,3,0.8253888888888931,1.5045000000000037
Forest,Akim_Oda,2000,126,4,0.27500000000000213,0.3000000000000007
Forest,Akim_Oda,2001,16,6,0.2721018518518532,0.4625000000000004
Forest,Akim_Oda,2001,39,5,0.2828055555555583,0.39111111111111463
Forest,Akim_Oda,2001,51,13,1.344100427350429,3.564166666666675
Forest,Akim_Oda,2001,67,3,0.5000000000000012,0.7666666666666693
Forest,Akim_Oda,2002,38,16,1.1323159722222242,2.1921388888888838
Forest,Akim_Oda,2002,66,3,0.41666666666666785,0.6166666666666671
Forest,Akim_Oda,2002,93,4,0.19583333333333552,0.3500000000000014
Forest,Akim_Oda,2003,35,7,1.367503968253973,3.406666666666672
Forest,Akim_Oda,2003,66,4,0.43427083333333577,0.8155555555555589
Forest,Akim_Oda,2003,74,5,0.5483333333333332,0.8169999999999934
Forest,Akim_Oda,2003,96,3,0.05555555555555832,0.16666666666666785
Forest,Akim_Oda,2004,56,3,0.37051851851852163,0.5200555555555612
Forest,Akim_Oda,2004,89,3,0.19081481481481644,0.4057777777777779
Forest,Akim_Oda,2005,33,8,1.9140555555555623,2.8852777777777843
Forest,Akim_Oda,2005,47,14,0.9545912698412736,2.284666666666672
Forest,Akim_Oda,2005,66,3,0.5277777777777809,0.9833333333333378
Forest,Akim_Oda,2005,76,3,0.4888888888888907,0.6333333333333329
Forest,Akim_Oda,2006,35,3,0.5240185185185214,0.8153888888888883
Forest,Akim_Oda,2007,28,13,2.106461538461544,3.8631111111111225
Forest,Akim_Oda,2007,44,11,0.617805555555557,1.2980000000000014
Forest,Akim_Oda,2007,57,14,0.8415813492063514,2.404527777777785
Forest,Akim_Oda,2007,72,3,0.8166666666666688,1.31666666666667
Forest,Akim_Oda,2007,80,3,0.6444444444444422,0.966666666666665
Forest,Akim_Oda,2008,25,3,0.5316075000000007,1.0220069444444337
Forest,Akim_Oda,2008,44,4,0.33381805555555993,0.7005250000000028
Forest,Akim_Oda,2008,49,3,0.07980555555555917,0.14798333333333527
Forest,Akim_Oda,2008,53,6,0.5075393518518542,1.2778999999999998
Forest,Akim_Oda,2009,37,3,1.3215092592592683,1.7931666666666861
Forest,Akim_Oda,2009,64,4,0.4795000000000009,1.0679999999999987
Forest,Akim_Oda,2009,86,3,0.12222222222222119,0.1666666666666643
Forest,Akim_Oda,2009,94,5,0.3578333333333326,0.5224999999999936
Forest,Akim_Oda,2010,31,3,0.3232407407407376,0.34377777777777296
Forest,Akim_Oda,2010,35,8,0.32230208333333626,0.8068611111111156
Forest,Akim_Oda,2010,48,6,0.9280324074074121,1.4498611111111197
Forest,Akim_Oda,2010,56,8,0.5349201388888909,1.2301944444444448
Forest,Akim_Oda,2010,83,7,0.5343650793650809,0.8738888888888889
Forest,Akim_Oda,2010,99,7,0.5119047619047637,0.783333333333335
Forest,Akim_Oda,2010,131,3,0.32700000000000196,0.5476666666666687
Forest,Akim_Oda,2011,106,3,0.7499074074074118,1.4388888888888958
Forest,Akim_Oda,2012,47,3,0.10454629629629736,0.17636111111111183
Forest,Akim_Oda,2012,74,4,0.4511250000000011,0.6524999999999986
Forest,Akim_Oda,2012,82,4,1.1997291666666714,1.6150277777777833
Forest,Akim_Oda,2013,21,4,0.8957152777777824,1.7522500000000136
Forest,Akim_Oda,2013,37,3,1.3562500000000035,1.9891666666666705
Forest,Akim_Oda,2013,42,28,1.3322996031746046,3.782777777777781
Forest,Akim_Oda,2013,71,4,0.4541666666666675,0.716666666666665
Forest,Akim_Oda,2013,78,3,0.7166666666666673,0.9499999999999993
Forest,Akim_Oda,2013,88,3,0.15555555555555736,0.216666666666665
Forest,Akim_Oda,2013,101,8,0.27500000000000124,0.6333333333333329
Forest,Akim_Oda,2014,53,3,1.3494138888888942,2.7295083333333277
Forest,Akim_Oda,2017,34,11,3.6393419191919283,6.197850000000016
Forest,Akim_Oda,2017,47,11,1.4020765151515182,3.1127777777777825
Forest,Akim_Oda,2017,61,9,0.2944444444444463,0.56666666666667
Forest,Akim_Oda,2017,73,7,0.5904761904761925,1.1000000000000014
Forest,Akim_Oda,2017,81,9,0.20370370370370555,0.6000000000000014
Forest,Akim_Oda,2018,19,3,0.7613425925926006,1.0762500000000181
Forest,Akim_Oda,2018,31,20,2.5172930555555584,5.228888888888901
Forest,Akim_Oda,2018,60,5,0.30666666666666914,0.6166666666666671
Forest,Akim_Oda,2018,73,5,0.3566666666666663,0.7500000000000036
Forest,Akim_Oda,2018,79,3,0.550000000000003,0.7500000000000036
Forest,Akim_Oda,2018,87,12,0.6171527777777776,1.2891666666666604
Forest,Akim_Oda,2020,339,3,0.12219444444444677,0.20100000000000284
Forest,Akim_Oda,2021,2,3,0.10433333333333435,0.1411666666666669
Forest,Akim_Oda,2021,33,4,0.48760416666667067,1.4359722222222306
Forest,Akim_Oda,2021,39,10,1.2684694444444484,2.617166666666673
Forest,Akim_Oda,2021,51,9,0.2981481481481494,0.49999999999999645
Forest,Akim_Oda,2021,97,3,0.5751777777777797,0.8732000000000094
Forest,Akim_Oda,2021,112,3,0.746686111111118,1.1067777777777816
Forest,Akim_Oda,2021,132,9,0.3425925925925932,0.716666666666665
Forest,Akim_Oda,2021,147,3,0.1111111111111119,0.13333333333333286
Forest,Sefwi_Bekwai,1978,30,6,0.8189212962962973,1.4163333333333346
Forest,Sefwi_Bekwai,1979,77,3,0.3384259259259232,0.5958333333333288
Forest,Sefwi_Bekwai,1979,100,5,0.2238999999999971,0.4153611111111122
Forest,Sefwi_Bekwai,1982,19,3,0.14241666666666197,0.3307499999999914
Forest,Sefwi_Bekwai,1982,35,5,1.0135277777777738,2.082999999999993
Forest,Sefwi_Bekwai,1982,68,3,0.48656481481481245,0.8839999999999987
Forest,Sefwi_Bekwai,1983,40,3,1.4362611111111176,3.307494444444453
Forest,Sefwi_Bekwai,1983,55,3,0.38015555555554664,0.38646666666665824
Forest,Sefwi_Bekwai,1983,68,23,1.4079867149758427,3.611250000000007
Forest,Sefwi_Bekwai,1984,46,10,1.8987083333333277,3.4786111111110922
Forest,Sefwi_Bekwai,1987,24,3,0.790814814814814,1.495000000000001
Forest,Sefwi_Bekwai,1987,102,4,0.3340347222222177,0.7296111111111031
Forest,Sefwi_Bekwai,1988,33,8,2.135489583333326,4.22183333333331
Forest,Sefwi_Bekwai,1988,47,18,0.8520293209876512,2.9333333333333176
Forest,Sefwi_Bekwai,1989,49,3,0.665648148148147,0.9786666666666637
Forest,Sefwi_Bekwai,1989,57,5,2.2885666666666653,4.868999999999989
Forest,Sefwi_Bekwai,1990,66,3,1.3558888888888827,1.6485555555555487
Forest,Sefwi_Bekwai,1990,74,5,1.1996111111111076,2.524499999999997
Forest,Sefwi_Bekwai,1990,84,6,0.9625879629629588,2.546999999999996
Forest,Sefwi_Bekwai,1992,34,4,0.6628263888888857,1.1384999999999876
Forest,Sefwi_Bekwai,1992,53,6,1.0634351851851809,1.977499999999994
Forest,Sefwi_Bekwai,1992,91,3,0.18515740740740524,0.3808888888888879
Forest,Sefwi_Bekwai,1993,39,8,2.2247847222222186,4.1109444444444385
Forest,Sefwi_Bekwai,1995,40,7,2.27762698412698,5.31280555555556
Forest,Sefwi_Bekwai,1995,50,11,1.588675252525248,3.154161111111111
Forest,Sefwi_Bekwai,1997,51,7,0.7513015873015857,1.6168055555555532
Forest,Sefwi_Bekwai,1997,70,4,0.3170555555555533,0.5683333333333351
Forest,Sefwi_Bekwai,1998,59,5,1.9330999999999936,2.849999999999998
Forest,Sefwi_Bekwai,1998,68,6,0.6291990740740704,1.529083333333338
Forest,Sefwi_Bekwai,1998,82,6,0.9884398148148144,2.2242500000000045
Forest,Sefwi_Bekwai,1998,96,7,0.2857142857142837,0.4833333333333343
Forest,Sefwi_Bekwai,2000,65,13,1.2748717948717856,2.8167277777777597
Forest,Sefwi_Bekwai,2001,52,6,2.739578703703696,3.548249999999995
Forest,Sefwi_Bekwai,2001,59,3,0.27791666666666326,0.6004166666666626
Forest,Sefwi_Bekwai,2001,362,3,0.13534259259259088,0.2534999999999978
Forest,Sefwi_Bekwai,2002,38,6,2.934643518518516,5.128944444444432
Forest,Sefwi_Bekwai,2002,45,10,0.9836472222222197,2.1984166666666622
Forest,Sefwi_Bekwai,2002,58,5,0.5466666666666654,0.7333333333333343
Forest,Sefwi_Bekwai,2003,66,4,3.342841666666666,5.121833333333335
Forest,Sefwi_Bekwai,2003,74,6,1.7531902777777735,3.564905555555533
Forest,Sefwi_Bekwai,2003,83,4,0.8042236111111112,1.4121333333333415
Forest,Sefwi_Bekwai,2004,55,3,0.45937962962962803,0.6783333333333321
Forest,Sefwi_Bekwai,2004,80,3,0.16299999999999515,0.2548333333333282
Forest,Sefwi_Bekwai,2005,33,6,2.2136898148148014,3.4472222222222144
Forest,Sefwi_Bekwai,2005,47,12,1.622881944444437,4.219166666666647
Forest,Sefwi_Bekwai,2005,66,3,0.5722222222222216,0.9833333333333343
Forest,Sefwi_Bekwai,2005,76,3,0.3722222222222176,0.46666666666666146
Forest,Sefwi_Bekwai,2005,98,6,0.2462037037037009,0.5272222222222175
Forest,Sefwi_Bekwai,2007,27,14,2.1541031746031662,5.028749999999994
Forest,Sefwi_Bekwai,2007,46,12,0.28107870370370097,0.5146666666666657
Forest,Sefwi_Bekwai,2007,59,12,1.008456018518515,2.16688888888888
Forest,Sefwi_Bekwai,2007,72,4,1.2704999999999953,2.453999999999996
Forest,Sefwi_Bekwai,2010,33,5,0.852711111111106,1.8026666666666693
Forest,Sefwi_Bekwai,2010,47,3,0.339555555555555,0.5520000000000037
Forest,Sefwi_Bekwai,2010,56,3,0.4333333333333312,0.6333333333333293
Forest,Sefwi_Bekwai,2010,103,3,0.46648148148148016,0.6888888888888871
Forest,Sefwi_Bekwai,2010,132,3,0.2862499999999957,0.5199999999999957
Forest,Sefwi_Bekwai,2011,98,3,0.7306111111111074,1.4344444444444397
Forest,Sefwi_Bekwai,2012,75,4,0.7400486111111116,1.3171666666666728
Forest,Sefwi_Bekwai,2012,82,4,1.038659722222221,1.6402777777777757
Forest,Sefwi_Bekwai,2012,89,5,1.1067444444444434,1.7349999999999994
Forest,Sefwi_Bekwai,2013,22,4,2.34477083333332,4.072916666666663
Forest,Sefwi_Bekwai,2013,38,16,2.262401041666662,4.995166666666646
Forest,Sefwi_Bekwai,2013,55,3,0.4722222222222179,0.8833333333333293
Forest,Sefwi_Bekwai,2013,72,3,0.3722222222222212,0.5166666666666657
Forest,Sefwi_Bekwai,2013,78,3,0.41111111111111026,0.75
Forest,Sefwi_Bekwai,2013,98,3,0.08333333333333215,0.1666666666666643
Forest,Sefwi_Bekwai,2014,54,3,1.1421574074074077,1.4942500000000045
Forest,Sefwi_Bekwai,2014,71,3,0.23383333333333,0.3385833333333301
Forest,Sefwi_Bekwai,2014,96,5,0.8512999999999991,1.5708611111111126
Forest,Sefwi_Bekwai,2015,61,4,0.5835833333333319,0.8234166666666615
Forest,Sefwi_Bekwai,2015,68,4,0.3583333333333316,0.46666666666666856
Forest,Sefwi_Bekwai,2015,106,3,0.18949074074073927,0.3706944444444477
Forest,Sefwi_Bekwai,2016,15,6,1.3962685185185089,2.470111111111092
Forest,Sefwi_Bekwai,2016,45,25,3.466803333333323,9.843027777777767
Forest,Sefwi_Bekwai,2016,71,3,0.5166666666666622,0.6333333333333293
Forest,Sefwi_Bekwai,2016,89,4,0.2791666666666641,0.5499999999999972
Forest,Sefwi_Bekwai,2016,95,5,0.3333333333333286,0.649999999999995
Forest,Sefwi_Bekwai,2016,115,7,1.2923452380952365,2.2200555555555614
Forest,Sefwi_Bekwai,2017,35,22,0.8841338383838349,2.164749999999995
Forest,Sefwi_Bekwai,2017,75,7,0.6767976190476183,1.4462499999999994
Forest,Sefwi_Bekwai,2017,88,3,0.5844907407407421,1.0106666666666693
Forest,Sefwi_Bekwai,2017,119,3,0.23888888888888596,0.3833333333333293
Forest,Sefwi_Bekwai,2018,33,18,2.4553364197530794,5.620916666666662
Forest,Sefwi_Bekwai,2019,14,5,1.992383333333326,4.28566666666666
Forest,Sefwi_Bekwai,2019,47,4,1.4929236111111026,2.6223611111110996
Forest,Sefwi_Bekwai,2019,52,6,1.8941111111111055,3.990555555555537
Forest,Sefwi_Bekwai,2019,64,6,1.4613935185185156,2.7022222222222205
Forest,Sefwi_Bekwai,2019,71,4,0.8737499999999998,1.8950000000000085
Forest,Sefwi_Bekwai,2020,20,7,0.6253571428571421,1.5004166666666636
Forest,Sefwi_Bekwai,2020,42,4,0.18749999999999645,0.3833333333333293
Forest,Sefwi_Bekwai,2020,48,17,3.9155506535947686,6.224999999999978
Forest,Sefwi_Bekwai,2020,78,6,0.6555555555555515,1.1333333333333293
Forest,Sefwi_Bekwai,2020,96,5,0.39775555555555264,0.6229999999999982
Forest,Sefwi_Bekwai,2021,35,12,1.4783564814814685,3.0270833333333074
Forest,Sefwi_Bekwai,2021,56,4,0.28333333333332966,0.3999999999999986
Forest,Sefwi_Bekwai,2021,62,3,0.7185462962962882,1.055638888888874
Forest,Sefwi_Bekwai,2021,93,7,0.5454325396825291,1.2223333333333253
Forest,Sefwi_Bekwai,2021,132,4,0.2876111111111066,0.4239999999999942
Forest,Sefwi_Bekwai,2022,41,4,1.417427083333321,3.616199999999974
Forest,Sefwi_Bekwai,2022,70,3,0.20490740740740265,0.22843333333332896
Forest,Sefwi_Bekwai,2022,89,3,0.31872777777776923,0.7400694444444317
Coastal,Accra,1973,58,3,0.10555555555555547,0.1999999999999993
Coastal,Accra,1983,57,8,0.3105208333333317,0.4829999999999984
Coastal,Accra,1983,69,21,0.3841269841269836,0.8333333333333357
Coastal,Accra,1983,107,12,0.2916666666666661,0.5166666666666657
Coastal,Accra,1986,108,3,0.19308333333333105,0.3003333333333327
Coastal,Accra,1987,61,3,0.14808333333333012,0.16824999999999832
Coastal,Accra,1987,98,6,0.37379166666666636,0.5062499999999992
Coastal,Accra,1987,107,5,0.2366666666666653,0.3166666666666629
Coastal,Accra,1987,115,4,0.2458333333333318,0.5
Coastal,Accra,1988,57,3,0.11111111111110954,0.14999999999999858
Coastal,Accra,1988,91,5,0.22221666666666606,0.6159722222222248
Coastal,Accra,1990,70,8,0.12008333333333279,0.2974999999999963
Coastal,Accra,1990,81,9,0.3796296296296294,0.5833333333333286
Coastal,Accra,1995,104,3,0.17705555555555522,0.22444444444444678
Coastal,Accra,1998,29,13,0.9624551282051231,1.684222222222221
Coastal,Accra,1998,50,25,0.7398455555555536,1.6885555555555452
Coastal,Accra,1998,76,34,0.8411764705882345,1.5333333333333314
Coastal,Accra,1998,112,8,0.9020833333333322,1.0499999999999972
Coastal,Accra,2000,64,13,0.3320384615384604,0.6580000000000021
Coastal,Accra,2002,66,3,0.1927777777777757,0.3449999999999963
Coastal,Accra,2002,92,3,0.18444444444444455,0.25333333333333297
Coastal,Accra,2003,65,7,0.28676190476190416,0.5573333333333297
Coastal,Accra,2003,75,4,0.21249999999999947,0.3333333333333357
Coastal,Accra,2004,55,4,0.12174305555555404,0.20013888888888495
Coastal,Accra,2004,65,5,0.5926611111111096,1.0158333333333316
Coastal,Accra,2004,71,6,0.30555555555555475,0.5166666666666657
Coastal,Accra,2004,85,8,0.4333333333333327,0.6999999999999993
Coastal,Accra,2005,47,21,0.5139457671957666,1.008000000000002
Coastal,Accra,2005,90,3,0.2799999999999975,0.5399999999999988
Coastal,Accra,2005,95,10,0.4736777777777766,0.7000833333333323
Coastal,Accra,2006,90,3,0.11348148148147996,0.13977777777777758
Coastal,Accra,2006,103,8,0.5892326388888887,1.3585833333333381
Coastal,Accra,2006,125,3,0.09999999999999905,0.13333333333333286
Coastal,Accra,2007,80,4,0.27180555555555425,0.46533333333333055
Coastal,Accra,2007,102,4,0.23490972222222029,0.4485833333333363
Coastal,Accra,2008,49,3,0.11447222222221955,0.19366666666666746
Coastal,Accra,2008,53,5,0.18532777777777681,0.33872222222221876
Coastal,Accra,2009,85,5,0.17666666666666514,0.38333333333333286
Coastal,Accra,2010,31,11,0.39416414141414186,0.800138888888894
Coastal,Accra,2010,49,20,0.4525,0.8666666666666671
Coastal,Accra,2010,72,3,0.2777777777777774,0.3500000000000014
Coastal,Accra,2010,83,19,0.865839181286549,1.6559444444444489
Coastal,Accra,2010,103,12,0.7611111111111102,1.3833333333333329
Coastal,Accra,2010,130,6,0.30277777777777654,0.5833333333333357
Coastal,Accra,2012,75,3,0.1734444444444463,0.29033333333333183
Coastal,Accra,2012,82,4,0.5146805555555555,1.0056388888888899
Coastal,Accra,2013,57,7,0.4027547619047617,0.6447722222222279
Coastal,Accra,2013,67,3,0.3722222222222224,0.6166666666666671
Coastal,Accra,2013,72,3,0.40000000000000097,0.6333333333333329
Coastal,Accra,2013,78,9,0.4935648148148132,1.0420833333333237
Coastal,Accra,2013,96,4,0.3916666666666675,0.6000000000000014
Coastal,Accra,2013,103,3,0.19444444444444287,0.3166666666666629
Coastal,Accra,2013,112,4,0.15833333333333233,0.25
Coastal,Accra,2014,53,3,0.5300092592592588,0.80686111111111
Coastal,Accra,2014,80,3,0.08333333333333333,0.13333333333333286
Coastal,Accra,2014,123,3,0.509888888888887,1.010333333333331
Coastal,Accra,2015,71,4,0.10416666666666696,0.18333333333333357
Coastal,Accra,2015,97,3,0.25146296296296405,0.37166666666667
Coastal,Accra,2015,110,4,0.38956944444444286,0.6234999999999963
Coastal,Accra,2015,120,4,0.25,0.3333333333333357
Coastal,Accra,2016,7,3,0.44275925925925924,0.8191111111111102
Coastal,Accra,2016,47,5,0.18999999999999914,0.36666666666666714
Coastal,Accra,2016,53,10,0.6139486111111102,1.153013888888891
Coastal,Accra,2016,65,3,0.3555555555555567,0.56666666666667
Coastal,Accra,2016,70,4,0.2916666666666661,0.5
Coastal,Accra,2016,89,4,0.12083333333333268,0.18333333333333357
Coastal,Accra,2016,105,3,0.5639444444444454,0.7630000000000028
Coastal,Accra,2016,112,8,0.946739583333332,1.6819444444444407
Coastal,Accra,2016,123,7,0.3214285714285699,0.5833333333333357
Coastal,Accra,2016,131,3,0.2888888888888855,0.48333333333333073
Coastal,Accra,2016,358,4,0.21666666666666767,0.36666666666666714
Coastal,Accra,2017,5,4,0.44516666666666527,0.6306666666666624
Coastal,Accra,2017,77,3,0.12222222222222119,0.1999999999999993
Coastal,Accra,2017,87,3,0.35762037037036826,0.7895277777777734
Coastal,Accra,2018,36,5,0.22644999999999635,0.3634999999999964
Coastal,Accra,2018,42,4,0.17083333333333073,0.18333333333333002
Coastal,Accra,2018,74,3,0.32222222222221814,0.46666666666666146
Coastal,Accra,2018,108,3,0.09999999999999669,0.14999999999999858
Coastal,Accra,2018,119,3,0.2386296296296256,0.4492222222222182
Coastal,Accra,2019,6,3,0.3222222222222193,0.4166666666666643
Coastal,Accra,2019,10,17,0.4068627450980357,0.7666666666666622
Coastal,Accra,2019,40,11,0.5878787878787839,1.0999999999999943
Coastal,Accra,2019,69,6,0.5472222222222195,0.7999999999999972
Coastal,Accra,2019,85,11,0.7190909090909059,1.2999999999999896
Coastal,Accra,2019,108,8,0.2458333333333309,0.48333333333333073
Coastal,Accra,2019,354,5,0.2833333333333307,0.3999999999999986
Coastal,Accra,2019,364,3,0.14999999999999622,0.21666666666666146
Coastal,Accra,2020,10,17,0.40861111111110743,0.7756111111111039
Coastal,Accra,2020,32,4,0.4583333333333304,0.6333333333333329
Coastal,Accra,2020,38,3,0.5833333333333298,0.7499999999999964
Coastal,Accra,2020,43,21,0.9013624338624308,1.6988888888888842
Coastal,Accra,2020,67,16,0.571874999999997,1.1666666666666643
Coastal,Accra,2020,90,3,0.2833333333333303,0.3999999999999986
Coastal,Accra,2020,99,14,0.6033849206349171,1.3923888888888798
Coastal,Accra,2020,128,4,0.5499999999999963,0.7333333333333307
Coastal,Accra,2020,136,6,0.524999999999998,0.6999999999999957
Coastal,Accra,2021,33,16,0.31643402777777374,0.7129444444444384
Coastal,Accra,2021,61,10,0.4033333333333317,0.9333333333333336
Coastal,Accra,2021,91,10,0.5613527777777756,1.0633333333333348
Coastal,Accra,2021,105,4,0.19166666666666377,0.3166666666666629
Coastal,Accra,2021,112,3,0.6277777777777764,0.6833333333333336
Coastal,Accra,2021,148,3,0.2277777777777755,0.24999999999999645
Coastal,Accra,2021,282,3,0.12373148148146991,0.24977777777776283
Coastal,Accra,2021,286,3,0.15236111111110578,0.225999999999998
Coastal,Accra,2021,290,11,0.42043686868686425,0.9825833333333289
Coastal,Accra,2021,343,3,0.0666666666666605,0.13333333333332575
Coastal,Accra,2021,347,3,0.09999999999999669,0.14999999999999858
Coastal,Accra,2021,351,11,0.3151515151515124,0.68333333333333
Coastal,Accra,2022,7,4,0.20166666666666266,0.5733333333333306
Coastal,Accra,2022,13,3,0.3499999999999955,0.48333333333333073
Coastal,Accra,2022,54,8,0.13541666666666163,0.3166666666666629
Coastal,Accra,2022,74,5,0.3933333333333273,0.5499999999999936
Coastal,Accra,2022,82,4,0.55833333333333,0.716666666666665
Coastal,Accra,2022,93,4,0.45416666666666305,0.7666666666666622
Coastal,Akatsi,1973,28,4,0.5687986111111135,0.6800000000000047
Coastal,Akatsi,1973,36,6,0.5226990740740771,0.8490000000000086
Coastal,Akatsi,1973,46,4,0.5333333333333332,0.6999999999999993
Coastal,Akatsi,1973,56,6,0.3027777777777789,0.5
Coastal,Akatsi,1979,70,6,0.22777777777777844,0.31666666666666643
Coastal,Akatsi,1982,50,3,0.2572870370370393,0.4497500000000089
Coastal,Akatsi,1983,46,3,0.8927222222222225,1.1291666666666664
Coastal,Akatsi,1983,55,37,0.6899339339339343,1.2430000000000085
Coastal,Akatsi,1983,97,3,0.466666666666665,0.6999999999999993
Coastal,Akatsi,1983,107,3,0.24444444444444594,0.31666666666666643
Coastal,Akatsi,1983,113,5,0.4666666666666671,0.5833333333333321
Coastal,Akatsi,1984,51,3,0.27376851851851636,0.3586666666666651
Coastal,Akatsi,1987,39,4,0.3838819444444452,0.8717500000000016
Coastal,Akatsi,1988,60,4,0.1499999999999977,0.33333333333333215
Coastal,Akatsi,1988,91,7,0.330337301587301,1.1175000000000015
Coastal,Akatsi,1988,103,10,0.4768222222222239,1.768222222222229
Coastal,Akatsi,1990,69,21,0.38222486772486847,0.8579166666666677
Coastal,Akatsi,1992,53,8,0.6106666666666656,1.5319444444444406
Coastal,Akatsi,1993,63,3,0.2231574074074066,0.4234999999999965
Coastal,Akatsi,1994,66,4,0.8677083333333327,1.2900000000000038
Coastal,Akatsi,1994,85,9,0.45092901234567784,0.7320833333333313
Coastal,Akatsi,1995,31,3,0.08490740740740566,0.1660555555555506
Coastal,Akatsi,1995,41,7,0.753674603174603,1.7493055555555594
Coastal,Akatsi,1995,52,7,0.6307222222222203,1.3921111111111044
Coastal,Akatsi,1995,63,5,0.20000000000000143,0.31666666666667354
Coastal,Akatsi,1995,95,10,0.6472194444444443,1.0826666666666682
Coastal,Akatsi,1996,54,4,0.2708333333333339,0.41666666666666785
Coastal,Akatsi,1996,65,6,0.344444444444445,0.6166666666666707
Coastal,Akatsi,1997,40,3,0.0810833333333316,0.10291666666666516
Coastal,Akatsi,1997,53,8,0.4836354166666664,0.7739999999999967
Coastal,Akatsi,1997,66,7,0.43571428571428583,0.5833333333333321
Coastal,Akatsi,1998,29,14,2.026755952380952,4.437499999999998
Coastal,Akatsi,1998,48,14,0.7534960317460301,1.51694444444444
Coastal,Akatsi,1998,65,10,0.5233333333333341,0.9000000000000021
Coastal,Akatsi,1998,76,35,0.8123809523809522,1.4333333333333336
Coastal,Akatsi,1998,112,10,0.6200000000000021,0.9500000000000028
Coastal,Akatsi,2000,50,4,0.2890624999999995,0.4903055555555559
Coastal,Akatsi,2000,62,18,0.8538888888888905,1.5980000000000045
Coastal,Akatsi,2000,83,4,0.45833333333333304,0.7166666666666686
Coastal,Akatsi,2001,50,9,0.5679043209876542,1.6403333333333285
Coastal,Akatsi,2002,40,3,0.7518981481481498,1.243444444444442
Coastal,Akatsi,2002,65,3,0.29444444444444545,0.3666666666666707
Coastal,Akatsi,2002,91,7,0.665805555555555,1.0248611111111061
Coastal,Akatsi,2003,49,4,0.5668333333333324,1.133638888888882
Coastal,Akatsi,2003,65,5,0.33666666666666745,0.5666666666666664
Coastal,Akatsi,2003,73,6,0.5027777777777777,0.9166666666666679
Coastal,Akatsi,2003,83,4,0.5333333333333323,0.8333333333333321
Coastal,Akatsi,2003,90,3,0.3388888888888886,0.5166666666666657
Coastal,Akatsi,2004,43,3,0.3337129629629592,0.5072222222222165
Coastal,Akatsi,2004,54,11,0.4480883838383844,0.9855555555555586
Coastal,Akatsi,2004,69,9,0.6675370370370359,1.0979999999999972
Coastal,Akatsi,2004,84,3,0.2777777777777774,0.31666666666666643
Coastal,Akatsi,2004,90,3,0.43333333333333357,0.5833333333333321
Coastal,Akatsi,2005,44,15,1.5437333333333345,3.615333333333329
Coastal,Akatsi,2005,60,8,0.6916666666666664,1.1999999999999993
Coastal,Akatsi,2005,96,9,0.8785771604938261,1.5066666666666677
Coastal,Akatsi,2006,26,3,0.6067592592592629,0.7083333333333339
Coastal,Akatsi,2006,34,4,0.8375277777777768,1.4598333333333309
Coastal,Akatsi,2006,39,5,0.3666666666666664,0.5833333333333321
Coastal,Akatsi,2006,46,15,0.25777777777777805,0.5
Coastal,Akatsi,2006,103,4,0.7672361111111083,0.9681666666666576
Coastal,Akatsi,2007,30,5,0.6033222222222229,1.0784999999999973
Coastal,Akatsi,2007,38,3,0.4398333333333308,0.5343333333333303
Coastal,Akatsi,2007,49,7,0.3357142857142854,0.6833333333333371
Coastal,Akatsi,2007,59,18,0.5777777777777771,1.0499999999999972
Coastal,Akatsi,2007,78,7,0.7880952380952395,1.2166666666666686
Coastal,Akatsi,2008,43,3,0.21478703703703647,0.36950000000000544
Coastal,Akatsi,2008,48,13,0.4581111111111112,1.1371111111111178
Coastal,Akatsi,2008,64,3,0.16666666666666666,0.21666666666666856
Coastal,Akatsi,2008,88,3,0.14444444444444335,0.3000000000000007
Coastal,Akatsi,2009,38,3,0.0837685185185168,0.12716666666666412
Coastal,Akatsi,2009,50,7,0.19274206349206466,0.41061111111111087
Coastal,Akatsi,2009,79,3,0.2499999999999988,0.33333333333333215
Coastal,Akatsi,2009,84,4,0.39091666666666736,0.697000000000006
Coastal,Akatsi,2010,30,13,0.6202905982905974,1.3299999999999998
Coastal,Akatsi,2010,49,16,0.7566701388888902,1.5340000000000005
Coastal,Akatsi,2010,83,18,0.9081697530864213,1.9845000000000155
Coastal,Akatsi,2010,103,11,1.107338383838386,2.4745000000000115
Coastal,Akatsi,2011,66,11,0.7077121212121215,1.0356666666666703
Coastal,Akatsi,2018,35,14,0.4458154761904761,1.0558333333333305
Coastal,Akatsi,2019,40,11,0.7848888888888917,1.49600000000001
Coastal,Akatsi,2019,54,4,0.3916666666666666,0.5666666666666664
Coastal,Akatsi,2019,70,4,0.4499999999999993,0.6333333333333364
Coastal,Akatsi,2019,90,7,0.43968253968253984,1.2222222222222259
Coastal,Akatsi,2020,16,4,0.5657777777777764,0.9019999999999995
Coastal,Akatsi,2020,31,5,0.5928111111111096,1.0943333333333316
Coastal,Akatsi,2020,38,3,0.4277777777777783,0.6333333333333364
Coastal,Akatsi,2020,43,20,1.4239819444444446,4.148666666666677
Coastal,Akatsi,2020,67,17,0.6107843137254906,1.1333333333333364
Coastal,Akatsi,2020,89,3,0.2666666666666669,0.43333333333333357
Coastal,Akatsi,2020,104,10,0.6757666666666667,1.481583333333341
Coastal,Akatsi,2021,34,4,1.0395347222222164,1.742249999999997
Coastal,Akatsi,2021,41,17,0.8999526143790868,2.6690000000000222
Coastal,Akatsi,2021,61,9,0.6240740740740749,0.9000000000000021
Coastal,Akatsi,2021,91,5,0.2133333333333333,0.43333333333333357
Coastal,Akatsi,2021,105,3,0.17222222222222308,0.21666666666666856
Coastal,Akatsi,2022,54,5,0.12292333333333394,0.303022222222221
Coastal,Akatsi,2022,62,3,0.6831981481481447,1.203474999999988
Coastal,Akatsi,2022,67,4,0.3124999999999982,0.48333333333333073
Coastal,Akatsi,2022,73,6,0.375,0.5833333333333321
Coastal,Akatsi,2022,82,9,0.653703703703704,0.9166666666666679
Coastal,Tema,1977,92,3,0.501944444444443,1.019999999999996
Coastal,Tema,1987,97,3,0.26727777777777795,0.41461111111111393
Coastal,Tema,1987,107,5,0.29786111111110875,0.5077499999999978
Coastal,Tema,1987,115,4,0.813791666666664,1.206944444444441
Coastal,Tema,1988,57,3,0.25114814814814695,0.36900000000000205
Coastal,Tema,1990,85,5,0.07666666666666729,0.216666666666665
Coastal,Tema,1995,100,6,0.3520648148148114,0.5879999999999963
Coastal,Tema,1998,35,7,0.3424007936507926,0.7664999999999987
Coastal,Tema,1998,56,3,0.3999999999999986,0.466666666666665
Coastal,Tema,1998,61,13,0.41941880341880106,0.7357777777777765
Coastal,Tema,1998,79,19,0.5561403508771907,1.1666666666666643
Coastal,Tema,1998,99,10,0.3299999999999976,0.6666666666666643
Coastal,Tema,1998,112,3,0.24444444444444477,0.283333333333335
Coastal,Tema,1998,117,3,0.094444444444445,0.18333333333333357
Coastal,Tema,2000,66,14,0.18593650793650557,0.33333333333333215
Coastal,Tema,2002,52,3,0.4583425925925925,0.673777777777781
Coastal,Tema,2002,65,4,0.41666666666666696,0.6333333333333329
Coastal,Tema,2002,91,7,0.30952380952380715,0.44999999999999574
Coastal,Tema,2003,37,4,0.27268749999999664,0.35066666666666013
Coastal,Tema,2003,64,7,0.5173650793650786,1.2350000000000074
Coastal,Tema,2003,75,4,0.6166666666666663,0.716666666666665
Coastal,Tema,2003,82,5,0.34333333333333227,0.68333333333333
Coastal,Tema,2004,53,10,0.34380833333333194,0.7174999999999988
Coastal,Tema,2004,65,5,0.8982722222222224,1.621027777777784
Coastal,Tema,2004,72,5,0.3033333333333331,0.43333333333333357
Coastal,Tema,2004,84,9,0.4092592592592585,0.6333333333333329
Coastal,Tema,2005,44,24,0.4378784722222207,1.3688888888888877
Coastal,Tema,2005,90,3,0.18888888888888644,0.26666666666666217
Coastal,Tema,2005,94,11,0.346353535353535,0.708333333333333
Coastal,Tema,2006,98,11,0.6049823232323203,0.9646388888888833
Coastal,Tema,2006,125,3,0.18888888888889,0.25000000000000355
Coastal,Tema,2007,66,3,0.16111111111110907,0.1999999999999993
Coastal,Tema,2007,71,4,0.08333333333333481,0.14999999999999858
Coastal,Tema,2007,80,3,0.055555555555557135,0.0833333333333357
Coastal,Tema,2010,31,6,0.29590277777777524,0.6247499999999984
Coastal,Tema,2010,39,3,0.08333333333333333,0.14999999999999858
Coastal,Tema,2010,51,18,0.2435185185185179,0.5999999999999979
Coastal,Tema,2010,83,14,0.5226190476190463,0.8166666666666664
Coastal,Tema,2010,104,11,0.33484848484848456,0.5999999999999979
Coastal,Tema,2012,75,4,0.30854861111111026,0.609277777777778
Coastal,Tema,2012,81,5,0.6035499999999964,0.7742222222222254
Coastal,Tema,2013,56,8,0.27916666666666545,0.3833333333333293
Coastal,Tema,2013,67,3,0.40555555555555384,0.5999999999999979
Coastal,Tema,2013,73,3,0.09999999999999787,0.216666666666665
Coastal,Tema,2013,79,3,0.3333333333333333,0.36666666666666714
Coastal,Tema,2013,96,3,0.41111111111110904,0.49999999999999645
Coastal,Tema,2014,53,3,0.25434259259259256,0.44402777777777785
Coastal,Tema,2014,122,4,0.28145833333333115,0.7758333333333337
Coastal,Tema,2015,67,6,0.1999999999999981,0.48333333333333073
Coastal,Tema,2015,95,5,0.1533333333333317,0.24999999999999645
Coastal,Tema,2015,109,6,0.6834120370370366,1.3470833333333345
Coastal,Tema,2015,118,6,0.4305555555555536,0.68333333333333
Coastal,Tema,2016,1,3,0.1909259259259224,0.3394444444444436
Coastal,Tema,2016,16,3,0.1388888888888881,0.216666666666665
Coastal,Tema,2016,49,14,0.44623015873015703,1.1099166666666656
Coastal,Tema,2016,69,5,0.5233333333333313,0.716666666666665
Coastal,Tema,2016,88,5,0.2933333333333323,0.48333333333333073
Coastal,Tema,2016,113,8,0.5158298611111101,0.9786388888888864
Coastal,Tema,2016,123,8,0.3312499999999998,0.5833333333333357
Coastal,Tema,2016,322,12,0.3196550925925926,0.6026666666666718
Coastal,Tema,2016,335,3,0.09444444444444262,0.11666666666666714
Coastal,Tema,2016,343,3,0.23333333333333073,0.33333333333333215
Coastal,Tema,2016,358,4,0.1666666666666652,0.34999999999999787
Coastal,Tema,2017,5,3,0.1333333333333305,0.1666666666666643
Coastal,Tema,2017,38,7,0.04761904761904593,0.11666666666666714
Coastal,Tema,2017,47,4,0.2456666666666648,0.4139999999999986
Coastal,Tema,2017,53,5,0.4931333333333307,0.6489999999999979
Coastal,Tema,2017,62,20,0.4449999999999982,0.93333333333333
Coastal,Tema,2017,87,4,0.4166666666666652,0.9499999999999993
Coastal,Tema,2017,97,3,0.23888888888888715,0.43333333333333
Coastal,Tema,2017,119,3,0.2777777777777774,0.3000000000000007
Coastal,Tema,2017,134,3,0.2833333333333326,0.36666666666666714
Coastal,Tema,2018,35,14,0.44796428571428254,0.8231111111111006
Coastal,Tema,2018,70,7,0.27857142857142697,0.3999999999999986
Coastal,Tema,2018,92,5,0.4966666666666647,0.7333333333333307
Coastal,Tema,2018,107,4,0.22499999999999698,0.31666666666666643
Coastal,Tema,2018,328,3,0.06666666666666288,0.1666666666666643
Coastal,Tema,2019,13,6,0.29722222222222133,0.4499999999999993
Coastal,Tema,2019,36,16,0.4980243055555554,1.0350555555555594
Coastal,Tema,2019,54,7,0.4857142857142845,0.93333333333333
Coastal,Tema,2019,69,6,0.7749999999999986,1.1166666666666636
Coastal,Tema,2019,87,9,0.7923333333333304,1.1109999999999958
Coastal,Tema,2019,108,6,0.34722222222222204,0.5500000000000007
Coastal,Tema,2019,118,4,0.5166666666666639,0.93333333333333
Coastal,Tema,2019,336,6,0.21054629629629562,0.35444444444444295
Coastal,Tema,2019,353,6,0.4305555555555536,0.6999999999999993
Coastal,Tema,2019,363,4,0.18749999999999645,0.26666666666666217
Coastal,Tema,2020,10,17,0.3401960784313712,0.6499999999999986
Coastal,Tema,2020,32,5,0.543133333333332,0.883333333333334
Coastal,Tema,2020,38,3,0.405555555555555,0.4499999999999993
Coastal,Tema,2020,43,41,0.7592987804878034,1.710444444444438
Coastal,Tema,2020,99,15,1.004648148148147,2.143583333333335
Coastal,Tema,2020,122,3,0.14444444444444215,0.23333333333333073
Coastal,Tema,2020,128,4,0.6333333333333311,0.7666666666666622
Coastal,Tema,2020,136,6,0.5694444444444441,0.7666666666666622
Coastal,Tema,2020,359,3,0.7193611111111101,0.7368611111111074
Coastal,Tema,2021,3,4,0.1708333333333325,0.25000000000000355
Coastal,Tema,2021,32,19,0.6258362573099404,1.136999999999997
Coastal,Tema,2021,60,14,0.5488095238095231,1.0833333333333321
Coastal,Tema,2021,91,11,0.44210303030302894,0.7897999999999985
Coastal,Tema,2021,105,4,0.6277749999999997,0.7610999999999991
Coastal,Tema,2021,111,9,0.5898555555555524,1.541516666666655
Coastal,Tema,2021,121,4,0.46249999999999947,0.9166666666666643
Coastal,Tema,2021,146,5,0.3666666666666643,0.5166666666666622
Coastal,Tema,2021,325,3,0.1317962962962902,0.17599999999999424
Coastal,Tema,2021,338,30,0.4170518518518512,0.8740000000000061
Coastal,Tema,2022,61,7,0.25928571428571395,0.48999999999999844
Coastal,Tema,2022,76,3,0.165555555555553,0.23833333333333329
Coastal,Tema,2022,82,3,0.4045777777777763,1.0103999999999957
Coastal,Tema,2022,86,12,0.5961576388888887,1.1172250000000032
